0,1,2,3,4,5,6,7,8,9,10,11,12,13,14,15,16,17,18,19,20,21,22,23,24
31.0,9.0,14.0,23.0,22.0,28.0,9.0,24.0,58.0,34.0,29.0,31.0,25.0,36.0,34.0,28.0,11.0,27.0,2.0,17.0,19.0,29.0,40.0,28.0,2
-17.0,-11.0,-15.0,-18.0,-18.0,-16.0,-15.0,-15.0,11.0,-14.0,-12.0,-17.0,-15.0,-13.0,-7.0,-6.0,-16.0,-19.0,-16.0,-12.0,-10.0,-9.0,-8.0,-10.0,2
-126.0,-84.0,-90.0,-50.0,-53.0,-42.0,-81.0,2.0,343.0,-119.0,-64.0,-72.0,-56.0,-20.0,-2.0,-29.0,107.0,-36.0,-26.0,-47.0,-59.0,-56.0,-25.0,-30.0,2
-91.0,-46.0,-47.0,12.0,27.0,134.0,249.0,492.0,444.0,-53.0,20.0,0.0,26.0,29.0,31.0,-47.0,48.0,148.0,147.0,62.0,50.0,39.0,35.0,32.0,2
195.0,67.0,22.0,14.0,-91.0,-404.0,-605.0,-1926.0,-2048.0,134.0,-53.0,101.0,-43.0,-163.0,-382.0,2.0,-1076.0,-161.0,-88.0,-11.0,-40.0,-25.0,70.0,92.0,2
45.0,-16.0,51.0,70.0,32.0,84.0,219.0,371.0,-258.0,64.0,-50.0,54.0,2.0,-43.0,-101.0,-83.0,-40.0,-236.0,-118.0,-39.0,-29.0,-25.0,9.0,-7.0,2
111.0,90.0,74.0,45.0,25.0,21.0,20.0,32.0,-293.0,59.0,35.0,37.0,16.0,-22.0,-57.0,-45.0,41.0,41.0,33.0,32.0,21.0,19.0,25.0,25.0,2
-49.0,-28.0,-31.0,15.0,26.0,17.0,-24.0,-35.0,232.0,-45.0,-6.0,29.0,22.0,22.0,-27.0,-10.0,7.0,53.0,35.0,7.0,7.0,-16.0,24.0,0.0,2
17.0,-23.0,-22.0,61.0,57.0,139.0,288.0,436.0,-172.0,46.0,-28.0,56.0,56.0,100.0,86.0,48.0,35.0,-167.0,-59.0,2.0,19.0,23.0,33.0,-22.0,2
-21.0,-15.0,-11.0,-1.0,10.0,14.0,0.0,17.0,132.0,-6.0,1.0,-1.0,10.0,34.0,49.0,43.0,-4.0,1.0,-5.0,-11.0,0.0,3.0,6.0,7.0,2
-18.0,-16.0,-11.0,-14.0,-12.0,-6.0,-25.0,-23.0,0.0,-17.0,-13.0,-12.0,-10.0,2.0,-4.0,-4.0,-14.0,-6.0,-7.0,-8.0,-11.0,-10.0,-8.0,-9.0,2
540.0,417.0,334.0,140.0,-88.0,-602.0,-1120.0,-1928.0,-115.0,241.0,31.0,50.0,-39.0,-116.0,-216.0,-72.0,170.0,27.0,-26.0,19.0,-29.0,-35.0,-10.0,15.0,2
103.0,80.0,48.0,20.0,6.0,1.0,-26.0,-12.0,-190.0,44.0,26.0,24.0,-3.0,-33.0,-53.0,-49.0,-20.0,29.0,-2.0,6.0,-5.0,-9.0,-14.0,-16.0,2
-83.0,-63.0,-39.0,-42.0,-32.0,-35.0,-59.0,-42.0,53.0,-40.0,-15.0,-44.0,-38.0,-16.0,33.0,2.0,-47.0,-48.0,-28.0,-45.0,-39.0,-43.0,-41.0,-24.0,2
-2.0,0.0,10.0,4.0,17.0,8.0,0.0,32.0,47.0,1.0,30.0,27.0,23.0,26.0,35.0,56.0,19.0,28.0,26.0,42.0,38.0,27.0,25.0,27.0,2
12.0,9.0,8.0,1.0,2.0,3.0,5.0,6.0,5.0,6.0,4.0,5.0,6.0,11.0,19.0,25.0,17.0,32.0,24.0,2.0,5.0,5.0,10.0,21.0,2
-12.0,-14.0,-21.0,-18.0,-18.0,-24.0,-32.0,-26.0,-33.0,-24.0,-24.0,-14.0,-20.0,-25.0,-25.0,-15.0,-11.0,11.0,-6.0,-17.0,-23.0,-22.0,-13.0,-7.0,2
17.0,12.0,7.0,0.0,2.0,0.0,-13.0,-2.0,45.0,31.0,16.0,9.0,2.0,9.0,17.0,6.0,-12.0,-36.0,-18.0,-13.0,-11.0,-11.0,-16.0,-7.0,2
8.0,0.0,9.0,11.0,19.0,16.0,-5.0,4.0,22.0,10.0,7.0,17.0,21.0,27.0,25.0,13.0,11.0,23.0,13.0,14.0,19.0,19.0,17.0,11.0,2
-32.0,-33.0,-36.0,-24.0,-12.0,-20.0,-31.0,-4.0,34.0,-20.0,5.0,-14.0,-1.0,15.0,34.0,9.0,-17.0,-2.0,0.0,-1.0,-2.0,4.0,-2.0,-1.0,2
-33.0,-32.0,-21.0,-13.0,-10.0,-5.0,-12.0,-10.0,37.0,-17.0,-10.0,-15.0,-10.0,-1.0,7.0,13.0,-12.0,-14.0,-20.0,-10.0,-8.0,-4.0,-3.0,-6.0,2
5.0,14.0,23.0,38.0,-20.0,53.0,100.0,403.0,224.0,-43.0,-83.0,-23.0,-59.0,-160.0,-267.0,-72.0,-41.0,-76.0,-46.0,-33.0,-48.0,-47.0,-30.0,-32.0,2
0.0,6.0,4.0,8.0,8.0,9.0,0.0,18.0,42.0,-4.0,3.0,7.0,2.0,5.0,19.0,15.0,27.0,45.0,34.0,12.0,2.0,-5.0,10.0,7.0,2
61.0,37.0,25.0,68.0,42.0,53.0,23.0,193.0,62.0,46.0,-31.0,85.0,40.0,6.0,-163.0,-33.0,3.0,-32.0,-94.0,34.0,21.0,21.0,36.0,-7.0,2
35.0,12.0,21.0,-16.0,-35.0,-40.0,-57.0,-62.0,-122.0,-2.0,-12.0,-21.0,-38.0,-68.0,-83.0,-62.0,-24.0,17.0,-8.0,-19.0,-32.0,-37.0,-33.0,-25.0,2
162.0,-163.0,94.0,-11.0,-47.0,-268.0,-668.0,-824.0,-1970.0,165.0,-39.0,65.0,-74.0,-87.0,-105.0,37.0,-203.0,-632.0,-450.0,-199.0,-161.0,-130.0,-32.0,-101.0,2
580.0,231.0,188.0,-50.0,-141.0,-1112.0,-2048.0,-2048.0,-616.0,127.0,16.0,-72.0,-88.0,-9.0,97.0,170.0,-97.0,-27.0,-103.0,-207.0,-158.0,-134.0,-169.0,-355.0,2
8.0,29.0,-1.0,-3.0,2.0,-7.0,-12.0,12.0,133.0,13.0,21.0,2.0,12.0,34.0,70.0,39.0,6.0,38.0,22.0,10.0,7.0,5.0,5.0,15.0,2
-4.0,3.0,3.0,13.0,17.0,56.0,82.0,404.0,103.0,-2.0,12.0,13.0,13.0,14.0,8.0,-36.0,-9.0,46.0,53.0,25.0,11.0,4.0,-2.0,4.0,2
32.0,25.0,11.0,7.0,8.0,11.0,2.0,12.0,-40.0,16.0,3.0,8.0,10.0,9.0,12.0,14.0,12.0,17.0,10.0,17.0,13.0,11.0,11.0,10.0,2
-24.0,8.0,-2.0,18.0,17.0,47.0,71.0,249.0,102.0,-39.0,23.0,1.0,17.0,25.0,31.0,125.0,54.0,68.0,66.0,37.0,37.0,40.0,52.0,67.0,2
-5.0,-2.0,-7.0,4.0,8.0,44.0,62.0,347.0,124.0,-24.0,4.0,-2.0,11.0,14.0,12.0,-19.0,-12.0,31.0,47.0,21.0,20.0,13.0,-5.0,-1.0,2
-29.0,-25.0,-14.0,-11.0,-4.0,-5.0,-8.0,-9.0,-10.0,-28.0,-13.0,-19.0,-8.0,-4.0,6.0,0.0,3.0,34.0,20.0,-2.0,-8.0,-15.0,-14.0,-5.0,2
-134.0,-175.0,-101.0,-17.0,9.0,-194.0,-637.0,-470.0,-2048.0,-7.0,-54.0,77.0,-47.0,-241.0,-448.0,59.0,-257.0,-552.0,-379.0,-184.0,-85.0,-28.0,191.0,299.0,2
16.0,14.0,12.0,14.0,17.0,14.0,9.0,14.0,0.0,6.0,8.0,17.0,20.0,20.0,15.0,25.0,8.0,29.0,12.0,42.0,21.0,21.0,21.0,17.0,2
-41.0,-31.0,-31.0,-17.0,0.0,13.0,-33.0,-39.0,118.0,-14.0,-4.0,-7.0,9.0,38.0,48.0,20.0,-25.0,13.0,-6.0,0.0,2.0,10.0,34.0,12.0,2
-10.0,-6.0,7.0,25.0,-35.0,46.0,143.0,438.0,192.0,-48.0,-96.0,-27.0,-71.0,-197.0,-299.0,-92.0,-45.0,-79.0,-50.0,-33.0,-35.0,-35.0,-37.0,-54.0,2
-59.0,-49.0,-33.0,-6.0,19.0,194.0,454.0,618.0,-179.0,53.0,-51.0,-14.0,-12.0,-36.0,-80.0,-144.0,2.0,-49.0,-68.0,-30.0,-42.0,-56.0,-59.0,-93.0,2
-90.0,-47.0,-59.0,-22.0,-19.0,-1.0,-4.0,72.0,409.0,-83.0,-32.0,-41.0,-38.0,-14.0,31.0,51.0,126.0,-28.0,-15.0,-33.0,-61.0,-64.0,-69.0,-38.0,2
-13.0,-16.0,-10.0,0.0,4.0,2.0,-16.0,0.0,30.0,-2.0,12.0,12.0,4.0,9.0,16.0,13.0,2.0,13.0,12.0,10.0,7.0,7.0,7.0,11.0,2
-37.0,-21.0,-26.0,-18.0,-14.0,-18.0,-33.0,-26.0,-31.0,-29.0,-11.0,-18.0,-13.0,-24.0,-33.0,-37.0,-21.0,2.0,-6.0,-14.0,-9.0,-10.0,-20.0,-34.0,2
-58.0,-44.0,-41.0,-8.0,-4.0,-12.0,-20.0,-3.0,237.0,-47.0,-23.0,-4.0,0.0,35.0,71.0,64.0,1.0,21.0,10.0,7.0,12.0,-10.0,-5.0,-2.0,2
59.0,40.0,38.0,40.0,37.0,30.0,25.0,48.0,-94.0,24.0,27.0,51.0,41.0,19.0,-47.0,-25.0,55.0,78.0,65.0,46.0,28.0,15.0,43.0,28.0,2
-64.0,-31.0,-33.0,-22.0,-37.0,-37.0,-85.0,18.0,-231.0,63.0,43.0,10.0,-31.0,-147.0,-246.0,-212.0,129.0,163.0,145.0,75.0,28.0,12.0,9.0,22.0,2
-1.0,-15.0,2.0,-6.0,1.0,6.0,-1.0,21.0,31.0,-5.0,0.0,2.0,7.0,14.0,28.0,14.0,-2.0,11.0,5.0,3.0,1.0,-4.0,-8.0,-6.0,2
-71.0,-36.0,-44.0,-6.0,3.0,18.0,-7.0,104.0,434.0,-71.0,-27.0,-24.0,0.0,19.0,14.0,26.0,151.0,-25.0,-4.0,-13.0,-6.0,-4.0,0.0,1.0,2
-398.0,-262.0,-150.0,-163.0,-80.0,-53.0,-1.0,-23.0,874.0,-399.0,-209.0,-139.0,-15.0,169.0,488.0,398.0,76.0,640.0,253.0,132.0,18.0,8.0,-77.0,83.0,2
-15.0,-6.0,-5.0,-6.0,-5.0,-4.0,-12.0,-1.0,14.0,-6.0,-6.0,-8.0,-2.0,4.0,8.0,6.0,1.0,-2.0,-5.0,-3.0,0.0,1.0,0.0,0.0,2
-13.0,0.0,-17.0,-1.0,16.0,23.0,-26.0,118.0,163.0,-5.0,-2.0,-6.0,11.0,58.0,108.0,60.0,-55.0,-17.0,-45.0,-10.0,-10.0,-1.0,0.0,-18.0,2
-73.0,-6.0,-35.0,24.0,57.0,86.0,97.0,353.0,575.0,-31.0,35.0,45.0,70.0,123.0,147.0,72.0,50.0,119.0,89.0,59.0,60.0,57.0,51.0,46.0,2
-20.0,0.0,-8.0,-3.0,6.0,8.0,-10.0,3.0,113.0,6.0,10.0,5.0,16.0,35.0,53.0,33.0,-22.0,-1.0,-3.0,8.0,21.0,21.0,11.0,-2.0,2
273.0,134.0,135.0,88.0,-40.0,-162.0,-22.0,-1924.0,-725.0,122.0,-41.0,23.0,-63.0,-175.0,-291.0,-200.0,44.0,-383.0,-239.0,-84.0,-86.0,-78.0,-54.0,-81.0,2
-79.0,-59.0,-118.0,-42.0,-11.0,-17.0,-35.0,6.0,263.0,-75.0,6.0,-13.0,5.0,84.0,182.0,61.0,-18.0,27.0,15.0,-5.0,-4.0,-5.0,7.0,-1.0,2
-196.0,-118.0,-91.0,-7.0,31.0,45.0,20.0,231.0,896.0,-103.0,-12.0,-16.0,40.0,143.0,237.0,154.0,0.0,-45.0,-8.0,-33.0,13.0,17.0,1.0,-22.0,2
51.0,47.0,27.0,25.0,25.0,20.0,0.0,8.0,-16.0,33.0,21.0,24.0,22.0,10.0,-2.0,-12.0,7.0,-7.0,5.0,0.0,9.0,12.0,12.0,10.0,2
-75.0,-30.0,-44.0,-24.0,0.0,48.0,76.0,348.0,275.0,-35.0,-7.0,-6.0,4.0,21.0,47.0,-7.0,-18.0,78.0,62.0,23.0,11.0,5.0,3.0,17.0,2
628.0,413.0,310.0,114.0,-135.0,-543.0,-893.0,-2044.0,-1172.0,361.0,-11.0,35.0,-183.0,-354.0,-529.0,-347.0,-172.0,-760.0,-515.0,-311.0,-262.0,-252.0,-256.0,-415.0,2
-21.0,-11.0,2.0,-6.0,-5.0,-4.0,-19.0,0.0,-18.0,-2.0,2.0,-8.0,0.0,8.0,16.0,16.0,-13.0,0.0,-4.0,-4.0,-3.0,-3.0,-4.0,0.0,2
-124.0,-68.0,-53.0,-2.0,19.0,33.0,40.0,279.0,397.0,-107.0,-1.0,9.0,59.0,111.0,165.0,86.0,182.0,225.0,230.0,126.0,100.0,82.0,84.0,96.0,2
5.0,-19.0,-33.0,-7.0,11.0,-5.0,-10.0,7.0,28.0,-8.0,16.0,23.0,12.0,21.0,27.0,6.0,16.0,33.0,27.0,9.0,6.0,-1.0,23.0,7.0,2
0.0,-1.0,13.0,11.0,17.0,13.0,-7.0,6.0,74.0,19.0,25.0,14.0,16.0,27.0,39.0,27.0,-21.0,-1.0,0.0,5.0,11.0,9.0,5.0,3.0,2
54.0,17.0,-7.0,-9.0,-10.0,-8.0,-51.0,-5.0,-69.0,19.0,3.0,-4.0,-9.0,-3.0,11.0,-16.0,-45.0,-9.0,-33.0,-13.0,-15.0,-15.0,-22.0,-20.0,2
25.0,12.0,-22.0,24.0,19.0,-2.0,-31.0,38.0,333.0,-28.0,25.0,16.0,21.0,63.0,101.0,95.0,39.0,-23.0,12.0,-11.0,-3.0,-19.0,8.0,6.0,2
45.0,5.0,1.0,27.0,16.0,27.0,-1.0,165.0,-97.0,17.0,-60.0,44.0,12.0,-33.0,-186.0,-81.0,-21.0,-53.0,-104.0,3.0,-4.0,0.0,10.0,-32.0,2
-15.0,-19.0,-33.0,-16.0,10.0,0.0,10.0,36.0,91.0,0.0,25.0,30.0,31.0,38.0,57.0,21.0,27.0,24.0,43.0,8.0,11.0,29.0,32.0,7.0,2
49.0,54.0,30.0,88.0,67.0,256.0,699.0,-288.0,-178.0,74.0,-6.0,64.0,35.0,-31.0,-107.0,-96.0,51.0,-74.0,-10.0,55.0,50.0,63.0,83.0,89.0,2
22.0,24.0,3.0,-11.0,-20.0,-14.0,-32.0,-23.0,-69.0,-10.0,-12.0,-19.0,-31.0,-52.0,-68.0,-61.0,-3.0,4.0,-1.0,-11.0,-32.0,-40.0,-32.0,-21.0,2
-57.0,-6.0,-35.0,12.0,35.0,82.0,117.0,399.0,316.0,-19.0,17.0,23.0,42.0,59.0,82.0,22.0,3.0,106.0,87.0,50.0,46.0,38.0,32.0,46.0,2
32.0,25.0,29.0,25.0,18.0,26.0,28.0,34.0,86.0,51.0,38.0,31.0,16.0,37.0,56.0,44.0,3.0,-18.0,0.0,-4.0,1.0,1.0,5.0,15.0,2
-163.0,-105.0,-114.0,-51.0,-14.0,-1.0,-36.0,164.0,542.0,-92.0,-35.0,-37.0,-13.0,68.0,141.0,65.0,-75.0,-56.0,-65.0,-48.0,-25.0,-14.0,-28.0,-40.0,2
10.0,7.0,4.0,2.0,4.0,1.0,-11.0,6.0,-88.0,-7.0,-9.0,1.0,3.0,0.0,-23.0,-27.0,3.0,31.0,2.0,-3.0,-8.0,0.0,2.0,-2.0,2
51.0,-2.0,8.0,46.0,-15.0,112.0,534.0,-1116.0,-412.0,40.0,-60.0,2.0,-47.0,-146.0,-223.0,-160.0,18.0,-215.0,-118.0,-21.0,-43.0,-43.0,-20.0,7.0,2
-157.0,74.0,-8.0,-34.0,46.0,689.0,1644.0,1867.0,1679.0,43.0,319.0,-41.0,83.0,270.0,527.0,-48.0,156.0,965.0,686.0,266.0,191.0,125.0,-89.0,-213.0,2
-70.0,-78.0,-82.0,-43.0,-10.0,-28.0,-41.0,-14.0,206.0,-55.0,-11.0,-8.0,8.0,43.0,100.0,40.0,-14.0,19.0,23.0,12.0,15.0,11.0,6.0,6.0,2
47.0,39.0,13.0,14.0,-20.0,14.0,42.0,197.0,77.0,-43.0,-20.0,-31.0,-64.0,-204.0,-352.0,-144.0,74.0,-66.0,-16.0,-15.0,-49.0,-48.0,0.0,-13.0,2
1.0,-9.0,9.0,1.0,3.0,4.0,-9.0,12.0,41.0,3.0,5.0,6.0,8.0,25.0,35.0,25.0,4.0,13.0,7.0,7.0,8.0,10.0,10.0,6.0,2
-73.0,-25.0,-27.0,18.0,39.0,68.0,75.0,323.0,327.0,-51.0,56.0,54.0,72.0,97.0,133.0,60.0,363.0,434.0,387.0,261.0,133.0,102.0,118.0,200.0,2
-9.0,-18.0,-19.0,2.0,-58.0,32.0,139.0,421.0,-178.0,-31.0,-157.0,-18.0,-120.0,-410.0,-688.0,-415.0,-12.0,-55.0,-45.0,-35.0,-71.0,-74.0,-55.0,-57.0,2
-15.0,2.0,13.0,15.0,26.0,30.0,-1.0,15.0,312.0,6.0,37.0,15.0,31.0,71.0,93.0,64.0,0.0,23.0,29.0,10.0,15.0,17.0,19.0,13.0,2
-36.0,16.0,0.0,39.0,29.0,217.0,531.0,461.0,-24.0,-18.0,-49.0,-5.0,10.0,-2.0,-19.0,-56.0,71.0,76.0,53.0,44.0,14.0,3.0,17.0,42.0,2
-5.0,5.0,-14.0,-9.0,-1.0,-4.0,-3.0,13.0,152.0,8.0,16.0,0.0,12.0,48.0,71.0,37.0,-7.0,27.0,12.0,4.0,10.0,8.0,-6.0,-2.0,2
17.0,21.0,15.0,16.0,17.0,17.0,10.0,20.0,8.0,14.0,18.0,21.0,21.0,18.0,21.0,20.0,17.0,35.0,24.0,20.0,21.0,20.0,17.0,19.0,2
-20.0,-12.0,-24.0,-28.0,-20.0,-30.0,-54.0,-22.0,173.0,-13.0,5.0,-11.0,-9.0,10.0,39.0,-4.0,-22.0,31.0,0.0,-3.0,-17.0,-25.0,-35.0,-26.0,2
-10.0,-10.0,-3.0,-4.0,-9.0,-11.0,-20.0,2.0,-11.0,-10.0,-1.0,-7.0,-7.0,-7.0,-7.0,-7.0,1.0,15.0,11.0,1.0,2.0,5.0,5.0,0.0,2
22.0,27.0,13.0,11.0,14.0,9.0,-10.0,27.0,235.0,19.0,39.0,21.0,25.0,49.0,95.0,47.0,13.0,77.0,40.0,39.0,32.0,24.0,19.0,14.0,2
-64.0,-61.0,-50.0,-51.0,-48.0,-50.0,-49.0,-54.0,-52.0,-66.0,-50.0,-57.0,-48.0,-35.0,-27.0,-37.0,-25.0,7.0,-8.0,-31.0,-28.0,-24.0,-26.0,-31.0,2
-3.0,-9.0,-2.0,-4.0,0.0,-3.0,-29.0,-19.0,60.0,24.0,10.0,2.0,3.0,20.0,21.0,5.0,-18.0,-36.0,-19.0,-24.0,-18.0,-14.0,-5.0,-1.0,2
8.0,5.0,-11.0,-5.0,-34.0,-1.0,-10.0,164.0,107.0,-34.0,-25.0,-37.0,-71.0,-243.0,-402.0,-204.0,-1.0,39.0,28.0,-10.0,-28.0,-37.0,-30.0,-16.0,2
5.0,-19.0,-38.0,-10.0,9.0,-5.0,-7.0,-7.0,-12.0,-14.0,6.0,15.0,14.0,27.0,44.0,0.0,15.0,39.0,32.0,16.0,19.0,6.0,12.0,3.0,2
238.0,95.0,37.0,76.0,20.0,-66.0,59.0,-1465.0,-2048.0,192.0,-25.0,141.0,29.0,-79.0,-272.0,6.0,-837.0,-12.0,33.0,71.0,33.0,45.0,126.0,148.0,2
-206.0,-77.0,4.0,25.0,84.0,527.0,1070.0,1848.0,1507.0,39.0,322.0,-82.0,7.0,98.0,192.0,70.0,31.0,-5.0,143.0,-13.0,-13.0,-15.0,-46.0,-139.0,2
17.0,6.0,-11.0,12.0,0.0,-4.0,-13.0,19.0,-38.0,0.0,-41.0,12.0,-7.0,-30.0,-46.0,-27.0,15.0,25.0,4.0,0.0,3.0,-23.0,2.0,-2.0,2
-54.0,-52.0,-42.0,-27.0,-17.0,-31.0,-64.0,-59.0,92.0,-22.0,-13.0,-19.0,-10.0,0.0,2.0,-20.0,-54.0,-16.0,-37.0,-24.0,-17.0,-15.0,-35.0,-41.0,2
8.0,4.0,-22.0,-14.0,-8.0,-5.0,-49.0,45.0,54.0,1.0,6.0,-5.0,-5.0,22.0,60.0,18.0,-63.0,-24.0,-49.0,-15.0,-15.0,-13.0,-24.0,-29.0,2
691.0,308.0,147.0,-57.0,-58.0,-932.0,-2048.0,-2048.0,111.0,116.0,80.0,-60.0,-20.0,70.0,185.0,229.0,-35.0,153.0,55.0,-102.0,-65.0,-41.0,-49.0,-185.0,2
-7.0,-5.0,-7.0,-4.0,-2.0,1.0,-11.0,-1.0,-39.0,-8.0,-12.0,-9.0,-4.0,0.0,0.0,-5.0,-2.0,-2.0,-8.0,-8.0,-7.0,-6.0,-3.0,-3.0,2
59.0,20.0,8.0,73.0,65.0,160.0,378.0,464.0,-393.0,104.0,8.0,86.0,62.0,105.0,100.0,84.0,-100.0,-212.0,-73.0,-8.0,10.0,10.0,22.0,-25.0,2
-585.0,-426.0,-402.0,-179.0,66.0,483.0,844.0,1812.0,264.0,-164.0,-22.0,-135.0,-17.0,-18.0,-32.0,-155.0,-105.0,95.0,54.0,-88.0,-50.0,-17.0,-8.0,-75.0,2
11.0,18.0,16.0,12.0,7.0,15.0,14.0,11.0,-14.0,-8.0,3.0,-2.0,3.0,11.0,11.0,5.0,26.0,56.0,44.0,17.0,21.0,24.0,14.0,14.0,2
-87.0,-82.0,-75.0,-64.0,-57.0,-71.0,-83.0,-75.0,67.0,-56.0,-30.0,-31.0,-33.0,-32.0,-28.0,-63.0,-59.0,-18.0,-33.0,-22.0,-30.0,-50.0,-40.0,-35.0,2
28.0,17.0,2.0,22.0,9.0,6.0,-2.0,29.0,-30.0,10.0,-32.0,21.0,4.0,-17.0,-37.0,-17.0,24.0,36.0,15.0,12.0,17.0,-9.0,14.0,9.0,2
67.0,-148.0,81.0,61.0,19.0,43.0,264.0,-188.0,-2048.0,146.0,-60.0,82.0,-8.0,-18.0,-60.0,80.0,-133.0,-437.0,-249.0,-118.0,-56.0,-25.0,40.0,62.0,2
21.0,2.0,9.0,-1.0,-6.0,-6.0,-11.0,8.0,14.0,14.0,-5.0,-4.0,-12.0,-28.0,-24.0,5.0,-14.0,-20.0,-25.0,-15.0,-22.0,-22.0,-13.0,-9.0,2
-709.0,-507.0,-327.0,-171.0,-23.0,42.0,334.0,640.0,1884.0,-395.0,-119.0,-107.0,145.0,570.0,1112.0,681.0,68.0,593.0,311.0,185.0,145.0,133.0,47.0,211.0,2
-39.0,-25.0,-15.0,-10.0,-5.0,-9.0,-25.0,-4.0,71.0,-18.0,-8.0,-14.0,-1.0,10.0,25.0,21.0,-11.0,-5.0,-9.0,-12.0,-6.0,-4.0,-8.0,-11.0,2
58.0,25.0,25.0,50.0,31.0,58.0,77.0,285.0,85.0,34.0,-14.0,23.0,25.0,41.0,19.0,-8.0,207.0,-141.0,-57.0,-24.0,-1.0,1.0,-8.0,-39.0,2
-11.0,-8.0,7.0,54.0,23.0,197.0,587.0,-308.0,-235.0,10.0,-44.0,27.0,-8.0,-96.0,-182.0,-180.0,5.0,-103.0,-43.0,21.0,1.0,0.0,20.0,42.0,2
-42.0,-2.0,-25.0,-12.0,6.0,5.0,-14.0,31.0,228.0,-44.0,7.0,-12.0,19.0,37.0,52.0,16.0,207.0,77.0,49.0,19.0,31.0,32.0,13.0,16.0,2
-146.0,-100.0,-59.0,16.0,44.0,271.0,702.0,141.0,10.0,-10.0,-31.0,6.0,16.0,16.0,5.0,-43.0,-52.0,-39.0,-38.0,-12.0,-6.0,-16.0,-41.0,-79.0,2
50.0,-190.0,85.0,90.0,41.0,-147.0,-190.0,-1210.0,-2048.0,199.0,-34.0,114.0,69.0,228.0,361.0,456.0,-166.0,-504.0,-329.0,-164.0,-57.0,-8.0,40.0,10.0,2
-33.0,-31.0,-20.0,-27.0,-16.0,-25.0,-29.0,3.0,28.0,-26.0,1.0,-2.0,-8.0,3.0,19.0,29.0,-6.0,5.0,4.0,14.0,9.0,4.0,3.0,5.0,2
17.0,28.0,14.0,13.0,20.0,9.0,-4.0,19.0,195.0,21.0,35.0,20.0,33.0,61.0,88.0,47.0,13.0,60.0,33.0,21.0,29.0,26.0,27.0,20.0,2
-32.0,-13.0,-13.0,30.0,44.0,60.0,0.0,-6.0,222.0,-29.0,3.0,32.0,19.0,29.0,-29.0,0.0,12.0,54.0,33.0,4.0,-23.0,-43.0,22.0,4.0,2
-28.0,-12.0,-29.0,-20.0,3.0,11.0,-19.0,38.0,389.0,-33.0,-12.0,-4.0,20.0,53.0,70.0,4.0,7.0,76.0,39.0,19.0,12.0,11.0,6.0,1.0,2
-30.0,-7.0,-37.0,-23.0,-4.0,1.0,-5.0,29.0,193.0,-44.0,-20.0,-39.0,3.0,21.0,63.0,48.0,180.0,87.0,47.0,13.0,11.0,2.0,-13.0,6.0,2
-6.0,3.0,4.0,3.0,4.0,5.0,-3.0,8.0,24.0,2.0,1.0,1.0,7.0,10.0,16.0,16.0,7.0,4.0,0.0,2.0,4.0,4.0,4.0,4.0,2
53.0,43.0,37.0,39.0,46.0,57.0,80.0,85.0,148.0,32.0,35.0,35.0,46.0,67.0,103.0,87.0,17.0,79.0,42.0,36.0,37.0,32.0,27.0,17.0,2
-9.0,-16.0,3.0,-7.0,-3.0,-5.0,-26.0,-2.0,26.0,-10.0,-18.0,-15.0,-3.0,5.0,15.0,6.0,-13.0,-3.0,-12.0,-12.0,-8.0,-7.0,-9.0,-10.0,2
531.0,362.0,315.0,159.0,-24.0,-169.0,-118.0,-1733.0,-1074.0,364.0,48.0,103.0,-69.0,-213.0,-392.0,-223.0,-51.0,-615.0,-370.0,-175.0,-134.0,-116.0,-93.0,-180.0,2
165.0,29.0,-6.0,17.0,-14.0,-177.0,-452.0,-903.0,-1553.0,75.0,-104.0,74.0,-5.0,-142.0,-251.0,-100.0,19.0,-125.0,-165.0,19.0,14.0,22.0,89.0,121.0,2
379.0,219.0,212.0,127.0,13.0,31.0,266.0,-682.0,-1084.0,237.0,-31.0,80.0,-42.0,-213.0,-426.0,-260.0,-58.0,-457.0,-263.0,-103.0,-94.0,-84.0,-27.0,-43.0,2
-17.0,-24.0,-26.0,-22.0,-14.0,-14.0,-16.0,-14.0,33.0,-13.0,-8.0,-11.0,-10.0,-4.0,8.0,-1.0,-12.0,-1.0,-9.0,-4.0,-7.0,-9.0,-13.0,-14.0,2
-24.0,-25.0,-27.0,-38.0,-26.0,-20.0,-22.0,-13.0,134.0,-7.0,-7.0,-15.0,-19.0,3.0,32.0,19.0,-25.0,10.0,-13.0,2.0,0.0,-7.0,-16.0,-5.0,2
-6.0,0.0,-12.0,-12.0,-39.0,-14.0,-25.0,131.0,164.0,-35.0,-14.0,-37.0,-52.0,-109.0,-160.0,-24.0,7.0,34.0,25.0,-16.0,-19.0,-20.0,-7.0,-3.0,2
74.0,47.0,39.0,71.0,57.0,91.0,130.0,340.0,64.0,50.0,9.0,49.0,48.0,58.0,38.0,12.0,262.0,-109.0,-26.0,9.0,16.0,19.0,26.0,5.0,2
-197.0,-103.0,-65.0,-1.0,34.0,53.0,32.0,253.0,894.0,-109.0,-20.0,-19.0,51.0,157.0,248.0,162.0,50.0,7.0,45.0,-9.0,39.0,43.0,42.0,16.0,2
45.0,80.0,92.0,100.0,35.0,71.0,400.0,-1365.0,57.0,69.0,23.0,51.0,34.0,5.0,-44.0,-54.0,40.0,10.0,-2.0,29.0,17.0,1.0,-20.0,-58.0,2
-29.0,-15.0,-22.0,22.0,7.0,204.0,620.0,-126.0,-204.0,-5.0,-83.0,-8.0,-24.0,-95.0,-166.0,-171.0,-28.0,-114.0,-65.0,-5.0,-14.0,-14.0,-6.0,-13.0,2
35.0,21.0,-7.0,25.0,14.0,0.0,-30.0,51.0,339.0,-31.0,4.0,9.0,13.0,38.0,53.0,91.0,49.0,-31.0,-1.0,-15.0,-14.0,-33.0,2.0,-10.0,2
11.0,14.0,-11.0,14.0,-2.0,186.0,509.0,402.0,-516.0,-49.0,-98.0,-14.0,-67.0,-393.0,-713.0,-629.0,-6.0,46.0,35.0,27.0,-22.0,-33.0,-17.0,9.0,2
844.0,471.0,327.0,78.0,-120.0,-1309.0,-2002.0,-2048.0,-1575.0,252.0,-30.0,40.0,-72.0,-170.0,-221.0,-42.0,-117.0,-620.0,-448.0,-196.0,-106.0,-82.0,-115.0,-340.0,2
211.0,70.0,5.0,23.0,-56.0,-201.0,-148.0,-1599.0,-2048.0,141.0,-40.0,111.0,-37.0,-130.0,-317.0,-7.0,-920.0,-90.0,-37.0,7.0,-29.0,-7.0,93.0,93.0,2
58.0,-40.0,86.0,85.0,50.0,110.0,270.0,296.0,-879.0,76.0,-57.0,74.0,19.0,-38.0,-107.0,-71.0,-63.0,-260.0,-138.0,-52.0,-30.0,-26.0,17.0,1.0,2
51.0,29.0,31.0,78.0,61.0,109.0,203.0,407.0,-170.0,52.0,-5.0,58.0,41.0,43.0,33.0,6.0,238.0,-146.0,-55.0,-5.0,-15.0,-23.0,-17.0,-37.0,2
-84.0,-66.0,-42.0,-48.0,-35.0,-29.0,-45.0,-35.0,69.0,-40.0,-13.0,-44.0,-33.0,-4.0,54.0,22.0,-41.0,-42.0,-18.0,-33.0,-24.0,-27.0,-37.0,-16.0,2
-16.0,-7.0,-8.0,-12.0,-19.0,-20.0,-21.0,-16.0,-27.0,-13.0,-19.0,-23.0,-19.0,-26.0,-29.0,-33.0,-14.0,-18.0,-16.0,-15.0,-9.0,-8.0,-15.0,-15.0,2
-116.0,-82.0,-54.0,-39.0,-27.0,-22.0,-25.0,-8.0,406.0,-46.0,-28.0,-40.0,-18.0,30.0,62.0,67.0,-33.0,-35.0,-22.0,-37.0,-26.0,-24.0,-22.0,-9.0,2
-194.0,-113.0,-90.0,-20.0,18.0,36.0,10.0,216.0,895.0,-95.0,-9.0,-17.0,31.0,140.0,244.0,161.0,-26.0,-67.0,-37.0,-40.0,-3.0,3.0,-6.0,-29.0,2
4.0,33.0,14.0,53.0,37.0,209.0,522.0,387.0,-626.0,-32.0,-74.0,17.0,-8.0,-326.0,-714.0,-752.0,-12.0,36.0,32.0,41.0,23.0,10.0,-1.0,6.0,2
-7.0,-7.0,-17.0,-15.0,-7.0,-3.0,-7.0,2.0,-12.0,-9.0,-7.0,-8.0,-4.0,-1.0,3.0,2.0,-1.0,17.0,5.0,-3.0,-3.0,-3.0,-3.0,2.0,2
66.0,-115.0,-250.0,-130.0,53.0,296.0,-2048.0,-2048.0,1026.0,-71.0,140.0,-120.0,-17.0,54.0,164.0,217.0,1.0,327.0,196.0,-41.0,-12.0,-2.0,16.0,-103.0,2
-15.0,6.0,-12.0,-12.0,-4.0,-6.0,-19.0,-4.0,78.0,-1.0,5.0,-8.0,0.0,17.0,37.0,8.0,-4.0,32.0,15.0,-2.0,-1.0,-2.0,-3.0,0.0,2
103.0,48.0,48.0,69.0,19.0,172.0,583.0,-921.0,-12.0,20.0,-91.0,-13.0,-14.0,-18.0,-32.0,-48.0,25.0,-195.0,-173.0,-67.0,-59.0,-74.0,-118.0,-216.0,2
4.0,-2.0,-7.0,-8.0,-16.0,-20.0,-24.0,-16.0,-115.0,-14.0,-25.0,-6.0,-15.0,-33.0,-61.0,-45.0,-9.0,8.0,-10.0,-10.0,-18.0,-24.0,-11.0,-15.0,2
-49.0,-33.0,-30.0,-17.0,5.0,1.0,-31.0,17.0,212.0,-43.0,-11.0,-15.0,20.0,99.0,169.0,102.0,-41.0,-28.0,-29.0,-20.0,-3.0,0.0,-12.0,-15.0,2
11.0,11.0,16.0,-3.0,-5.0,-6.0,-9.0,4.0,-62.0,1.0,-19.0,-10.0,-6.0,-7.0,-3.0,0.0,2.0,5.0,-4.0,1.0,-4.0,-4.0,-1.0,-1.0,2
416.0,237.0,221.0,105.0,-42.0,-167.0,-88.0,-1964.0,-1555.0,245.0,-91.0,54.0,-72.0,-180.0,-283.0,-84.0,62.0,-499.0,-345.0,-119.0,-118.0,-93.0,-22.0,-15.0,2
-14.0,4.0,-11.0,0.0,-16.0,0.0,-16.0,128.0,186.0,-22.0,-8.0,-24.0,-23.0,-43.0,-61.0,23.0,8.0,34.0,27.0,-7.0,-8.0,-9.0,0.0,0.0,2
-86.0,-18.0,-23.0,30.0,10.0,192.0,465.0,474.0,604.0,-93.0,1.0,3.0,-4.0,-73.0,-113.0,-28.0,63.0,116.0,126.0,63.0,31.0,14.0,33.0,72.0,2
-37.0,-27.0,-16.0,-13.0,-10.0,-8.0,-28.0,-11.0,-27.0,-19.0,-5.0,-14.0,-8.0,2.0,11.0,8.0,-24.0,-11.0,-15.0,-15.0,-18.0,-20.0,-16.0,-12.0,2
-18.0,2.0,-23.0,3.0,18.0,193.0,454.0,625.0,-170.0,41.0,-51.0,-8.0,-14.0,-50.0,-83.0,-136.0,6.0,-41.0,-61.0,-24.0,-40.0,-62.0,-76.0,-93.0,2
-18.0,2.0,-15.0,-8.0,9.0,7.0,-19.0,14.0,117.0,-16.0,-14.0,-16.0,5.0,48.0,91.0,54.0,-19.0,-23.0,-24.0,-13.0,-12.0,-10.0,-5.0,-8.0,2
-353.0,462.0,-373.0,-134.0,75.0,1069.0,1935.0,1918.0,1745.0,-94.0,472.0,-22.0,160.0,450.0,768.0,-74.0,-77.0,711.0,592.0,240.0,190.0,170.0,-73.0,-174.0,2
-5.0,5.0,-1.0,5.0,11.0,10.0,18.0,23.0,27.0,1.0,12.0,9.0,14.0,16.0,25.0,29.0,23.0,41.0,32.0,22.0,20.0,14.0,15.0,24.0,2
-1.0,-12.0,-17.0,-13.0,-3.0,-3.0,-16.0,14.0,78.0,-9.0,0.0,-1.0,4.0,24.0,52.0,30.0,60.0,49.0,25.0,14.0,9.0,7.0,12.0,11.0,2
9.0,8.0,8.0,4.0,6.0,7.0,-2.0,8.0,-28.0,25.0,0.0,4.0,6.0,12.0,17.0,9.0,4.0,15.0,8.0,12.0,10.0,11.0,10.0,4.0,2
-27.0,-24.0,-5.0,-1.0,4.0,0.0,-27.0,2.0,43.0,-21.0,12.0,8.0,12.0,17.0,24.0,11.0,90.0,66.0,37.0,19.0,21.0,17.0,12.0,12.0,2
-12.0,7.0,-10.0,3.0,19.0,17.0,-7.0,63.0,440.0,-10.0,14.0,17.0,31.0,55.0,77.0,20.0,30.0,91.0,54.0,29.0,30.0,31.0,19.0,21.0,2
33.0,17.0,35.0,34.0,40.0,43.0,28.0,47.0,137.0,31.0,35.0,33.0,42.0,39.0,54.0,47.0,2.0,55.0,29.0,24.0,24.0,15.0,32.0,29.0,2
-305.0,-88.0,-12.0,-42.0,27.0,930.0,1933.0,1917.0,1684.0,-15.0,481.0,-77.0,-80.0,-162.0,-259.0,-507.0,-29.0,40.0,116.0,-32.0,-73.0,-85.0,-156.0,-284.0,2
-50.0,-32.0,-35.0,-26.0,-7.0,-13.0,-61.0,-29.0,10.0,-31.0,5.0,-9.0,1.0,-4.0,-32.0,-91.0,-1.0,27.0,14.0,4.0,-1.0,-5.0,-3.0,-6.0,2
26.0,16.0,11.0,7.0,-28.0,0.0,-11.0,164.0,128.0,-18.0,-1.0,-14.0,-57.0,-213.0,-355.0,-159.0,19.0,56.0,45.0,8.0,-6.0,-15.0,0.0,8.0,2
10.0,5.0,-10.0,-8.0,-10.0,-6.0,-10.0,-6.0,-95.0,-10.0,-21.0,-6.0,-8.0,-19.0,-37.0,-19.0,2.0,19.0,-2.0,-7.0,-15.0,-15.0,-1.0,-3.0,2
-10.0,-8.0,3.0,-4.0,-7.0,-6.0,-15.0,-8.0,38.0,0.0,2.0,4.0,3.0,10.0,31.0,11.0,-1.0,7.0,-1.0,8.0,8.0,11.0,4.0,8.0,2
-103.0,-31.0,-39.0,42.0,34.0,162.0,357.0,617.0,691.0,-79.0,-25.0,10.0,7.0,-56.0,-100.0,-32.0,32.0,121.0,91.0,49.0,26.0,17.0,25.0,62.0,2
-15.0,-25.0,-25.0,6.0,14.0,-19.0,-25.0,17.0,18.0,-22.0,48.0,47.0,25.0,21.0,23.0,-3.0,42.0,74.0,76.0,2.0,2.0,8.0,43.0,23.0,2
13.0,4.0,22.0,11.0,19.0,18.0,3.0,26.0,46.0,13.0,19.0,22.0,23.0,29.0,41.0,25.0,12.0,24.0,17.0,18.0,17.0,13.0,9.0,8.0,2
83.0,54.0,38.0,9.0,-4.0,-7.0,-34.0,-27.0,-178.0,13.0,6.0,6.0,-10.0,-34.0,-53.0,-51.0,-14.0,33.0,4.0,6.0,1.0,-3.0,-6.0,-8.0,2
83.0,76.0,18.0,-6.0,-13.0,-14.0,-47.0,-26.0,-216.0,27.0,3.0,-1.0,-18.0,-45.0,-69.0,-74.0,-31.0,14.0,-17.0,2.0,-13.0,-16.0,-23.0,-22.0,2
4.0,-4.0,0.0,-17.0,-24.0,-17.0,-18.0,-1.0,-52.0,-2.0,-14.0,-21.0,-23.0,-33.0,-50.0,-33.0,-10.0,-10.0,-7.0,-12.0,-15.0,-15.0,-10.0,-17.0,2
-91.0,-67.0,-39.0,23.0,58.0,274.0,641.0,463.0,21.0,40.0,-15.0,14.0,26.0,50.0,53.0,-13.0,-71.0,-133.0,-131.0,-71.0,-33.0,-47.0,-135.0,-294.0,2
525.0,408.0,298.0,158.0,-74.0,-587.0,-1069.0,-1926.0,-122.0,203.0,38.0,59.0,-24.0,-114.0,-218.0,-80.0,159.0,19.0,-32.0,18.0,-7.0,-12.0,-2.0,10.0,2
-41.0,-12.0,-24.0,2.0,25.0,35.0,5.0,138.0,217.0,-33.0,21.0,0.0,38.0,100.0,149.0,101.0,31.0,72.0,64.0,33.0,38.0,37.0,39.0,40.0,2
-62.0,-30.0,-54.0,14.0,19.0,68.0,100.0,368.0,164.0,16.0,44.0,24.0,30.0,0.0,-19.0,-69.0,95.0,188.0,158.0,96.0,64.0,46.0,33.0,20.0,2
-24.0,-20.0,-24.0,-17.0,-17.0,-17.0,-22.0,-12.0,17.0,-17.0,-16.0,-15.0,-14.0,-11.0,-2.0,0.0,-18.0,-23.0,-22.0,-14.0,-16.0,-16.0,-18.0,-20.0,2
-674.0,-470.0,-179.0,-223.0,-14.0,443.0,1762.0,1980.0,1816.0,-444.0,-227.0,-286.0,46.0,397.0,1079.0,327.0,1889.0,-31.0,-205.0,-127.0,-20.0,4.0,-86.0,219.0,2
-9.0,-84.0,12.0,33.0,-5.0,42.0,174.0,261.0,-647.0,10.0,-105.0,3.0,-38.0,-93.0,-172.0,-144.0,-107.0,-307.0,-182.0,-101.0,-78.0,-74.0,-35.0,-56.0,2
-458.0,-199.0,-280.0,-148.0,50.0,571.0,1211.0,1845.0,1485.0,-124.0,175.0,-125.0,-18.0,11.0,47.0,81.0,16.0,378.0,239.0,-15.0,29.0,53.0,38.0,-89.0,2
172.0,41.0,12.0,0.0,-26.0,-171.0,-451.0,-916.0,-2048.0,32.0,-107.0,62.0,-42.0,-494.0,-1172.0,-1076.0,29.0,-120.0,-169.0,6.0,-11.0,-3.0,91.0,233.0,2
-22.0,-19.0,-10.0,-5.0,1.0,1.0,-3.0,1.0,49.0,-4.0,0.0,-3.0,3.0,5.0,9.0,1.0,-10.0,-17.0,-15.0,-1.0,0.0,-3.0,-8.0,-5.0,2
21.0,15.0,12.0,15.0,19.0,5.0,20.0,37.0,11.0,16.0,20.0,23.0,30.0,17.0,-5.0,8.0,21.0,24.0,22.0,27.0,32.0,23.0,24.0,11.0,2
13.0,12.0,-13.0,-16.0,-8.0,-6.0,-1.0,45.0,279.0,2.0,6.0,-3.0,1.0,3.0,12.0,-8.0,15.0,85.0,40.0,37.0,23.0,20.0,14.0,11.0,2
-818.0,-562.0,-436.0,-150.0,118.0,628.0,1298.0,1835.0,654.0,-231.0,69.0,-84.0,59.0,126.0,149.0,-35.0,-56.0,194.0,142.0,-14.0,78.0,124.0,69.0,2.0,2
-42.0,-37.0,-27.0,-23.0,-17.0,-20.0,-33.0,-28.0,6.0,-25.0,-18.0,-20.0,-18.0,-26.0,-24.0,-20.0,-20.0,-24.0,-22.0,-15.0,-14.0,-12.0,-16.0,-15.0,2
-74.0,-28.0,-45.0,-15.0,4.0,47.0,71.0,332.0,289.0,-37.0,-7.0,-6.0,9.0,30.0,58.0,9.0,-23.0,64.0,50.0,14.0,10.0,1.0,-3.0,-2.0,2
-39.0,-30.0,-35.0,-16.0,7.0,3.0,-22.0,26.0,217.0,-43.0,-4.0,-8.0,19.0,101.0,177.0,112.0,-41.0,-28.0,-28.0,-20.0,-2.0,6.0,-2.0,-11.0,2
-18.0,-14.0,-11.0,-11.0,4.0,3.0,-14.0,17.0,91.0,-11.0,1.0,0.0,9.0,39.0,70.0,42.0,-2.0,-2.0,-3.0,2.0,3.0,5.0,2.0,0.0,2
4.0,39.0,12.0,20.0,27.0,21.0,10.0,27.0,130.0,21.0,32.0,27.0,35.0,62.0,95.0,60.0,10.0,35.0,26.0,27.0,33.0,34.0,24.0,23.0,2
-25.0,-5.0,-13.0,-12.0,-22.0,-16.0,-50.0,59.0,-210.0,85.0,68.0,36.0,-17.0,-136.0,-232.0,-190.0,149.0,184.0,165.0,96.0,48.0,32.0,25.0,41.0,2
-71.0,-25.0,-29.0,16.0,38.0,70.0,77.0,325.0,330.0,-52.0,48.0,49.0,72.0,98.0,135.0,62.0,363.0,433.0,387.0,261.0,134.0,102.0,120.0,200.0,2
-31.0,-34.0,-21.0,-19.0,-14.0,-12.0,-15.0,-11.0,-1.0,-22.0,-12.0,-16.0,-14.0,-12.0,-8.0,-7.0,-15.0,-9.0,-16.0,-16.0,-11.0,-11.0,-17.0,-17.0,2
13.0,0.0,12.0,15.0,21.0,18.0,8.0,20.0,57.0,19.0,20.0,15.0,21.0,32.0,48.0,36.0,-10.0,11.0,6.0,12.0,17.0,18.0,12.0,11.0,2
74.0,54.0,20.0,43.0,11.0,94.0,320.0,-364.0,-807.0,50.0,-70.0,52.0,-25.0,-193.0,-344.0,-243.0,-38.0,-59.0,-77.0,-13.0,-24.0,-38.0,-3.0,6.0,2
-1158.0,-661.0,-390.0,-96.0,219.0,1141.0,1926.0,1903.0,1712.0,-296.0,307.0,-5.0,190.0,450.0,626.0,372.0,103.0,481.0,379.0,166.0,200.0,240.0,217.0,253.0,2
-30.0,-28.0,-21.0,-22.0,-15.0,-14.0,-21.0,-16.0,-2.0,-22.0,-18.0,-20.0,-17.0,-14.0,-17.0,-13.0,-20.0,-20.0,-17.0,-13.0,-11.0,-15.0,-24.0,-16.0,2
88.0,-143.0,124.0,118.0,87.0,-29.0,3.0,-879.0,-2048.0,251.0,3.0,152.0,102.0,226.0,323.0,405.0,-134.0,-485.0,-289.0,-118.0,-19.0,34.0,112.0,74.0,2
-152.0,-76.0,-87.0,-36.0,-6.0,46.0,87.0,365.0,529.0,-80.0,-4.0,-14.0,10.0,45.0,54.0,-7.0,25.0,89.0,73.0,20.0,17.0,11.0,1.0,-8.0,2
-94.0,-45.0,-51.0,-26.0,2.0,0.0,-39.0,6.0,240.0,-76.0,-3.0,-17.0,0.0,-2.0,9.0,-26.0,164.0,58.0,43.0,8.0,-1.0,-13.0,-22.0,-2.0,2
14.0,28.0,1.0,1.0,8.0,3.0,-9.0,7.0,88.0,13.0,19.0,4.0,13.0,31.0,48.0,21.0,7.0,44.0,27.0,8.0,10.0,8.0,6.0,10.0,2
-5.0,-8.0,-13.0,-11.0,-10.0,-13.0,-18.0,-8.0,-23.0,-10.0,-11.0,-12.0,-12.0,-14.0,-12.0,-17.0,-5.0,-1.0,-5.0,-10.0,-13.0,-13.0,-9.0,-8.0,2
-23.0,-29.0,-33.0,-17.0,-7.0,10.0,-14.0,17.0,245.0,-37.0,12.0,-23.0,-9.0,-10.0,-39.0,-44.0,-24.0,-4.0,2.0,-15.0,-10.0,-11.0,-10.0,-27.0,2
-30.0,-19.0,1.0,-5.0,-5.0,-4.0,-22.0,-2.0,-18.0,-15.0,1.0,-10.0,-6.0,10.0,16.0,17.0,-10.0,7.0,3.0,-7.0,-8.0,-2.0,2.0,7.0,2
-277.0,-60.0,-14.0,-22.0,40.0,1010.0,1946.0,1928.0,1694.0,10.0,504.0,-39.0,-43.0,-150.0,-288.0,-567.0,21.0,119.0,174.0,34.0,9.0,3.0,-99.0,-218.0,2
82.0,37.0,39.0,55.0,29.0,48.0,25.0,192.0,-163.0,50.0,-28.0,65.0,17.0,-23.0,-164.0,-78.0,-1.0,-30.0,-75.0,23.0,5.0,10.0,23.0,-12.0,2
-22.0,4.0,-12.0,4.0,-4.0,-7.0,-43.0,55.0,-118.0,78.0,75.0,40.0,3.0,-72.0,-131.0,-102.0,126.0,160.0,145.0,82.0,45.0,31.0,30.0,40.0,2
12.0,0.0,25.0,16.0,16.0,19.0,-2.0,8.0,69.0,47.0,29.0,22.0,18.0,39.0,46.0,33.0,-5.0,-16.0,-9.0,0.0,7.0,10.0,11.0,7.0,2
-82.0,-24.0,-60.0,-2.0,32.0,68.0,71.0,322.0,554.0,-52.0,-8.0,1.0,47.0,94.0,116.0,36.0,4.0,70.0,42.0,29.0,37.0,33.0,17.0,4.0,2
-28.0,-20.0,-9.0,-10.0,-12.0,-10.0,-22.0,-19.0,29.0,-15.0,-13.0,-10.0,-10.0,-3.0,17.0,-2.0,-18.0,-9.0,-18.0,-11.0,-10.0,-8.0,-12.0,-7.0,2
-14.0,-12.0,-19.0,-13.0,1.0,0.0,-23.0,15.0,40.0,-16.0,8.0,-2.0,2.0,-10.0,-19.0,-33.0,17.0,46.0,30.0,17.0,5.0,0.0,1.0,9.0,2
-3.0,-12.0,-3.0,-1.0,-2.0,-1.0,-18.0,-6.0,10.0,-2.0,-10.0,-1.0,-9.0,1.0,3.0,-4.0,2.0,13.0,3.0,1.0,-4.0,-1.0,4.0,1.0,2
16.0,23.0,0.0,4.0,12.0,8.0,-20.0,27.0,276.0,11.0,29.0,24.0,28.0,17.0,11.0,-10.0,21.0,95.0,51.0,51.0,39.0,32.0,18.0,12.0,2
59.0,27.0,34.0,47.0,8.0,49.0,125.0,330.0,-321.0,42.0,-27.0,19.0,-6.0,-46.0,-113.0,-76.0,-69.0,-239.0,-111.0,-39.0,-12.0,-5.0,0.0,-45.0,2
24.0,29.0,14.0,1.0,-6.0,-6.0,-11.0,-3.0,-49.0,-13.0,-12.0,-14.0,-8.0,-19.0,-27.0,-24.0,15.0,30.0,21.0,2.0,-1.0,0.0,1.0,1.0,2
0.0,0.0,4.0,5.0,4.0,2.0,-7.0,10.0,0.0,-3.0,0.0,-1.0,7.0,7.0,7.0,11.0,8.0,26.0,17.0,13.0,12.0,8.0,6.0,7.0,2
4.0,9.0,23.0,19.0,16.0,12.0,-3.0,3.0,45.0,10.0,4.0,6.0,12.0,13.0,35.0,15.0,1.0,10.0,1.0,9.0,3.0,4.0,-2.0,7.0,2
-11.0,-22.0,-27.0,-22.0,-17.0,-16.0,-31.0,-12.0,9.0,-14.0,-20.0,-15.0,-12.0,-13.0,-12.0,-17.0,-22.0,-8.0,-30.0,-13.0,-15.0,-17.0,-21.0,-17.0,2
-66.0,-33.0,-27.0,2.0,27.0,23.0,-16.0,85.0,210.0,-30.0,32.0,17.0,41.0,89.0,139.0,60.0,23.0,64.0,58.0,35.0,35.0,33.0,36.0,32.0,2
-787.0,-493.0,-310.0,-268.0,3.0,1044.0,1933.0,1914.0,1759.0,-215.0,282.0,-216.0,-41.0,386.0,1030.0,106.0,1314.0,-135.0,-193.0,-267.0,-63.0,-36.0,-305.0,-654.0,2
-25.0,-19.0,0.0,5.0,3.0,0.0,10.0,20.0,129.0,0.0,25.0,2.0,8.0,21.0,30.0,23.0,-21.0,-15.0,-2.0,9.0,8.0,-1.0,-6.0,-21.0,2
-2.0,-25.0,-40.0,-12.0,15.0,22.0,-9.0,2.0,14.0,-9.0,17.0,21.0,-14.0,8.0,25.0,4.0,11.0,25.0,27.0,5.0,-11.0,-11.0,22.0,5.0,2
98.0,129.0,-10.0,17.0,45.0,164.0,85.0,1759.0,1407.0,139.0,117.0,-28.0,-2.0,-106.0,-248.0,-563.0,-153.0,209.0,162.0,-72.0,-13.0,-23.0,-101.0,-321.0,2
-102.0,-17.0,-23.0,32.0,42.0,145.0,269.0,564.0,272.0,-39.0,4.0,32.0,44.0,61.0,77.0,19.0,10.0,119.0,95.0,60.0,55.0,44.0,30.0,29.0,2
1096.0,494.0,244.0,13.0,-91.0,-1076.0,-2008.0,-2048.0,-724.0,188.0,-64.0,-5.0,-96.0,-291.0,-504.0,-91.0,106.0,-151.0,-214.0,-83.0,-85.0,-71.0,-37.0,-54.0,2
46.0,31.0,24.0,13.0,-6.0,-8.0,-12.0,1.0,-202.0,15.0,5.0,4.0,-8.0,-27.0,-40.0,-35.0,7.0,8.0,6.0,8.0,1.0,-3.0,-3.0,-1.0,2
-12.0,1.0,29.0,21.0,17.0,14.0,0.0,19.0,0.0,12.0,42.0,29.0,21.0,24.0,29.0,32.0,10.0,27.0,25.0,17.0,17.0,16.0,13.0,23.0,2
-25.0,0.0,-41.0,-27.0,-12.0,-8.0,3.0,45.0,183.0,-41.0,-1.0,-18.0,-2.0,11.0,48.0,29.0,188.0,95.0,55.0,22.0,19.0,17.0,9.0,16.0,2
-9.0,-29.0,-13.0,-22.0,-26.0,-24.0,-38.0,-40.0,27.0,-25.0,-24.0,-30.0,-27.0,-19.0,-12.0,-7.0,-32.0,2.0,-17.0,-28.0,-24.0,-21.0,-21.0,-21.0,2
-32.0,-3.0,-5.0,27.0,50.0,145.0,238.0,612.0,230.0,2.0,5.0,42.0,51.0,56.0,57.0,9.0,32.0,77.0,78.0,63.0,51.0,48.0,53.0,74.0,2
5.0,5.0,10.0,6.0,8.0,7.0,1.0,2.0,28.0,7.0,7.0,7.0,10.0,11.0,12.0,14.0,4.0,14.0,10.0,14.0,15.0,10.0,3.0,7.0,2
-223.0,-239.0,-168.0,-64.0,-25.0,-223.0,-698.0,-470.0,-2048.0,-63.0,-124.0,5.0,-80.0,-271.0,-502.0,-117.0,-281.0,-517.0,-380.0,-217.0,-118.0,-59.0,151.0,230.0,2
-71.0,-36.0,-39.0,66.0,112.0,-90.0,-518.0,-424.0,-1784.0,-68.0,-124.0,70.0,136.0,432.0,710.0,636.0,-188.0,-327.0,-283.0,-128.0,-27.0,3.0,34.0,13.0,2
9.0,15.0,21.0,13.0,19.0,24.0,13.0,22.0,43.0,15.0,13.0,15.0,21.0,27.0,33.0,32.0,9.0,6.0,5.0,16.0,16.0,15.0,13.0,8.0,2
6.0,2.0,-13.0,-20.0,-22.0,-21.0,-27.0,-17.0,-5.0,1.0,-14.0,-20.0,-22.0,-11.0,2.0,-9.0,-17.0,-37.0,-23.0,-28.0,-30.0,-27.0,-20.0,-10.0,2
-52.0,-29.0,-54.0,-28.0,4.0,16.0,-33.0,133.0,213.0,-36.0,-21.0,-21.0,2.0,48.0,96.0,38.0,-63.0,-28.0,-53.0,-17.0,-9.0,-5.0,-18.0,-29.0,2
0.0,8.0,17.0,11.0,13.0,10.0,15.0,17.0,29.0,9.0,14.0,10.0,9.0,2.0,8.0,12.0,-3.0,-5.0,-2.0,2.0,-1.0,-2.0,-3.0,-2.0,2
26.0,10.0,25.0,10.0,1.0,0.0,-15.0,-19.0,39.0,16.0,14.0,7.0,6.0,6.0,5.0,10.0,-7.0,31.0,10.0,1.0,8.0,8.0,6.0,1.0,2
8.0,188.0,-55.0,-14.0,65.0,391.0,670.0,1820.0,1659.0,29.0,240.0,-27.0,25.0,-5.0,-87.0,-626.0,37.0,653.0,500.0,106.0,55.0,16.0,-93.0,-254.0,2
281.0,182.0,211.0,93.0,-67.0,-332.0,-384.0,-1930.0,-497.0,99.0,-88.0,6.0,-65.0,-167.0,-254.0,-83.0,51.0,-271.0,-199.0,-52.0,-66.0,-65.0,-19.0,10.0,2
98.0,7.0,112.0,107.0,77.0,144.0,312.0,371.0,-682.0,110.0,-20.0,101.0,50.0,5.0,-43.0,-2.0,-22.0,-219.0,-95.0,-14.0,12.0,17.0,54.0,40.0,2
-3.0,2.0,-1.0,-3.0,-3.0,0.0,-7.0,5.0,-20.0,-2.0,-3.0,-2.0,-1.0,2.0,5.0,2.0,7.0,6.0,0.0,0.0,2.0,3.0,3.0,4.0,2
52.0,6.0,16.0,23.0,8.0,17.0,-2.0,166.0,-152.0,21.0,-44.0,34.0,7.0,-16.0,-104.0,-38.0,-32.0,-45.0,-74.0,1.0,-3.0,-2.0,-1.0,-34.0,2
-17.0,-8.0,-10.0,-8.0,-10.0,-20.0,-53.0,-39.0,-37.0,-13.0,-3.0,-7.0,-9.0,-20.0,-37.0,-37.0,-3.0,17.0,6.0,-3.0,-1.0,-3.0,-4.0,2.0,2
-30.0,-18.0,-3.0,-2.0,0.0,0.0,-15.0,4.0,30.0,-5.0,9.0,-2.0,6.0,16.0,28.0,27.0,-6.0,0.0,-3.0,3.0,7.0,9.0,8.0,3.0,2
-379.0,-136.0,-97.0,-142.0,116.0,988.0,1899.0,1880.0,1729.0,-15.0,482.0,-148.0,-16.0,144.0,299.0,-812.0,985.0,35.0,-79.0,-217.0,-110.0,-123.0,-456.0,-882.0,2
358.0,221.0,171.0,39.0,-82.0,-771.0,-1674.0,-2048.0,-2048.0,134.0,-21.0,127.0,8.0,19.0,53.0,182.0,50.0,-89.0,-86.0,5.0,3.0,17.0,96.0,151.0,2
-19.0,1.0,14.0,37.0,54.0,171.0,304.0,671.0,-19.0,16.0,2.0,41.0,46.0,48.0,66.0,31.0,54.0,75.0,67.0,59.0,43.0,39.0,55.0,83.0,2
-62.0,-42.0,-32.0,7.0,31.0,42.0,9.0,89.0,431.0,-46.0,31.0,-9.0,34.0,85.0,92.0,34.0,-2.0,-8.0,4.0,2.0,26.0,29.0,19.0,-16.0,2
47.0,34.0,27.0,27.0,32.0,25.0,19.0,30.0,-82.0,24.0,10.0,34.0,32.0,10.0,-24.0,-11.0,25.0,39.0,19.0,27.0,25.0,16.0,26.0,15.0,2
84.0,84.0,44.0,54.0,17.0,19.0,195.0,-1224.0,-889.0,88.0,-84.0,60.0,-5.0,-59.0,-109.0,-31.0,43.0,-59.0,-74.0,-8.0,-32.0,-25.0,42.0,53.0,2
-25.0,-17.0,-16.0,-12.0,-5.0,-40.0,-45.0,-16.0,23.0,-23.0,-10.0,-6.0,11.0,5.0,4.0,3.0,15.0,28.0,21.0,4.0,18.0,24.0,41.0,8.0,2
-65.0,-44.0,-29.0,-7.0,8.0,9.0,-16.0,-8.0,157.0,-16.0,17.0,-7.0,11.0,41.0,75.0,43.0,-35.0,-39.0,-14.0,-20.0,2.0,-5.0,-21.0,-27.0,2
-576.0,272.0,-333.0,-164.0,7.0,968.0,1949.0,1927.0,1686.0,-232.0,422.0,-83.0,-62.0,-316.0,-549.0,-727.0,158.0,652.0,452.0,162.0,100.0,85.0,50.0,48.0,2
-24.0,-33.0,-20.0,-26.0,-33.0,-31.0,-29.0,-21.0,66.0,18.0,-1.0,-18.0,-34.0,-11.0,17.0,5.0,-30.0,-50.0,-39.0,-34.0,-37.0,-31.0,-15.0,-17.0,2
37.0,46.0,31.0,32.0,46.0,54.0,19.0,60.0,140.0,18.0,56.0,42.0,62.0,76.0,89.0,51.0,127.0,129.0,93.0,68.0,98.0,96.0,74.0,57.0,2
-1238.0,-698.0,-404.0,-119.0,173.0,1139.0,1940.0,1916.0,1666.0,-293.0,338.0,-23.0,140.0,338.0,518.0,245.0,53.0,430.0,341.0,113.0,116.0,143.0,144.0,222.0,2
-71.0,-51.0,-28.0,-28.0,-18.0,-18.0,-35.0,-25.0,83.0,-28.0,1.0,-31.0,-21.0,5.0,64.0,31.0,-35.0,-34.0,-11.0,-28.0,-20.0,-24.0,-33.0,-11.0,2
532.0,141.0,-17.0,-6.0,-7.0,-222.0,-2048.0,-2048.0,-214.0,32.0,47.0,-66.0,-94.0,-444.0,-1011.0,-716.0,-1083.0,239.0,154.0,38.0,-7.0,42.0,126.0,131.0,2
107.0,70.0,39.0,75.0,26.0,108.0,303.0,339.0,-590.0,68.0,-78.0,46.0,3.0,-76.0,-184.0,-97.0,-9.0,-132.0,-73.0,-2.0,1.0,9.0,32.0,17.0,2
55.0,-10.0,69.0,93.0,65.0,135.0,261.0,385.0,-309.0,74.0,-41.0,70.0,41.0,8.0,-79.0,-61.0,-47.0,-241.0,-120.0,-37.0,5.0,25.0,40.0,-4.0,2
8.0,-2.0,-3.0,3.0,6.0,6.0,-3.0,-2.0,23.0,4.0,7.0,5.0,8.0,14.0,22.0,19.0,6.0,22.0,13.0,6.0,8.0,7.0,5.0,5.0,2
-69.0,-37.0,-37.0,7.0,13.0,55.0,79.0,340.0,220.0,1.0,60.0,39.0,30.0,25.0,29.0,-29.0,67.0,158.0,136.0,87.0,53.0,31.0,19.0,6.0,2
-6.0,-10.0,-12.0,40.0,12.0,81.0,204.0,384.0,-162.0,-15.0,-58.0,8.0,0.0,-18.0,-53.0,-27.0,-8.0,-71.0,-37.0,-1.0,-9.0,-13.0,3.0,-6.0,2
-5.0,-15.0,3.0,-5.0,1.0,-1.0,-13.0,10.0,30.0,-4.0,1.0,1.0,4.0,13.0,29.0,17.0,0.0,12.0,8.0,3.0,8.0,8.0,12.0,3.0,2
25.0,8.0,-8.0,48.0,27.0,27.0,-3.0,169.0,91.0,17.0,-53.0,67.0,35.0,-8.0,-191.0,-56.0,-9.0,-45.0,-108.0,25.0,15.0,15.0,27.0,-20.0,2
-7.0,-2.0,3.0,1.0,-4.0,-7.0,-2.0,-1.0,9.0,-1.0,4.0,0.0,-4.0,-10.0,-8.0,-4.0,-7.0,-9.0,-7.0,-3.0,-6.0,-11.0,-11.0,-5.0,2
-9.0,-4.0,10.0,10.0,13.0,12.0,-3.0,17.0,7.0,3.0,15.0,9.0,16.0,25.0,33.0,35.0,-5.0,6.0,2.0,5.0,12.0,12.0,12.0,6.0,2
-26.0,-11.0,-21.0,-17.0,1.0,3.0,-17.0,15.0,102.0,-21.0,-8.0,-10.0,4.0,41.0,81.0,50.0,-18.0,-21.0,-22.0,-11.0,-8.0,-3.0,-6.0,-10.0,2
-33.0,-39.0,-26.0,-22.0,-15.0,-11.0,-15.0,-10.0,5.0,-27.0,-22.0,-18.0,-14.0,-16.0,-11.0,-11.0,-22.0,-17.0,-23.0,-13.0,-11.0,-18.0,-30.0,-37.0,2
1.0,11.0,27.0,38.0,-17.0,66.0,165.0,444.0,163.0,-35.0,-92.0,-3.0,-51.0,-215.0,-367.0,-113.0,-31.0,-66.0,-37.0,-12.0,-20.0,-29.0,-50.0,-63.0,2
-295.0,-58.0,55.0,-105.0,-64.0,691.0,2004.0,1987.0,1740.0,-1.0,238.0,-82.0,-64.0,-190.0,-316.0,-645.0,142.0,347.0,370.0,133.0,82.0,80.0,-9.0,66.0,2
182.0,212.0,231.0,-59.0,-77.0,89.0,1495.0,2007.0,1758.0,97.0,160.0,-75.0,-77.0,-226.0,-281.0,-788.0,57.0,220.0,196.0,134.0,48.0,29.0,-109.0,-38.0,2
15.0,8.0,11.0,3.0,-5.0,-11.0,-37.0,-19.0,-68.0,8.0,2.0,-4.0,-14.0,-44.0,-81.0,-65.0,-12.0,-14.0,-9.0,-12.0,-13.0,-16.0,-11.0,-17.0,2
383.0,218.0,208.0,112.0,-59.0,-410.0,-626.0,-1985.0,-855.0,170.0,-30.0,29.0,-51.0,-114.0,-207.0,-137.0,72.0,-428.0,-280.0,-107.0,-91.0,-82.0,-71.0,-135.0,2
-43.0,-7.0,-26.0,-19.0,-24.0,-20.0,-31.0,81.0,435.0,-64.0,-51.0,-38.0,-32.0,-68.0,-105.0,-56.0,38.0,12.0,11.0,-10.0,-22.0,-30.0,-41.0,-17.0,2
-114.0,-47.0,-89.0,-2.0,-31.0,134.0,384.0,555.0,384.0,-120.0,-127.0,-64.0,-68.0,-188.0,-284.0,-109.0,0.0,95.0,56.0,12.0,-10.0,-12.0,14.0,57.0,2
7.0,12.0,19.0,19.0,18.0,7.0,-4.0,1.0,21.0,12.0,17.0,17.0,20.0,14.0,8.0,11.0,12.0,19.0,17.0,19.0,22.0,23.0,19.0,23.0,2
-4.0,2.0,1.0,-1.0,-1.0,0.0,-7.0,2.0,-16.0,-3.0,-3.0,1.0,0.0,2.0,5.0,4.0,-6.0,-1.0,-5.0,4.0,2.0,0.0,-5.0,-8.0,2
157.0,-106.0,49.0,-9.0,-107.0,-256.0,-521.0,-938.0,-2044.0,46.0,-135.0,-12.0,-182.0,-553.0,-926.0,-62.0,-132.0,-623.0,-413.0,-161.0,-100.0,-41.0,182.0,353.0,2
123.0,3.0,1.0,-3.0,-65.0,-161.0,-313.0,-780.0,-1535.0,4.0,-108.0,18.0,-96.0,-464.0,-840.0,-187.0,54.0,-12.0,-76.0,34.0,3.0,25.0,211.0,425.0,2
334.0,250.0,193.0,91.0,-22.0,-536.0,-1084.0,-2048.0,-1976.0,156.0,-21.0,129.0,33.0,23.0,28.0,152.0,60.0,-65.0,-64.0,20.0,24.0,44.0,127.0,159.0,2
120.0,-31.0,-25.0,-47.0,-101.0,-196.0,-332.0,-802.0,-1707.0,-7.0,-141.0,-6.0,-119.0,-426.0,-717.0,-56.0,43.0,-43.0,-105.0,16.0,-13.0,17.0,209.0,397.0,2
23.0,41.0,10.0,30.0,54.0,83.0,57.0,88.0,189.0,11.0,52.0,38.0,72.0,87.0,93.0,57.0,197.0,140.0,99.0,71.0,91.0,90.0,85.0,64.0,2
-14.0,-15.0,-16.0,-23.0,-26.0,-32.0,-33.0,-20.0,23.0,-21.0,-20.0,-15.0,-16.0,-21.0,-15.0,-16.0,-13.0,12.0,-11.0,0.0,-7.0,-13.0,-10.0,-8.0,2
14.0,10.0,11.0,24.0,-23.0,44.0,123.0,422.0,254.0,-36.0,-71.0,-21.0,-32.0,-128.0,-221.0,-60.0,-32.0,-63.0,-33.0,-17.0,-10.0,-10.0,-16.0,-25.0,2
153.0,12.0,41.0,22.0,-9.0,-173.0,-475.0,-940.0,-1559.0,68.0,-95.0,65.0,-10.0,-145.0,-262.0,-109.0,19.0,-125.0,-173.0,3.0,-17.0,-6.0,106.0,139.0,2
-142.0,-63.0,-74.0,4.0,20.0,99.0,184.0,469.0,491.0,9.0,62.0,49.0,24.0,-24.0,-81.0,-115.0,140.0,210.0,192.0,107.0,74.0,68.0,72.0,65.0,2
1.0,4.0,17.0,25.0,32.0,35.0,24.0,27.0,69.0,19.0,26.0,25.0,35.0,40.0,40.0,45.0,24.0,22.0,16.0,30.0,38.0,40.0,37.0,29.0,2
-26.0,-9.0,-12.0,10.0,25.0,126.0,266.0,640.0,150.0,-3.0,-17.0,21.0,15.0,11.0,35.0,-2.0,37.0,68.0,64.0,50.0,21.0,17.0,47.0,77.0,2
769.0,412.0,219.0,18.0,-66.0,-1348.0,-2048.0,-2048.0,-2048.0,223.0,-17.0,94.0,38.0,212.0,394.0,531.0,20.0,-137.0,-112.0,-45.0,-12.0,18.0,97.0,110.0,2
-14.0,-6.0,-5.0,-3.0,19.0,17.0,-4.0,40.0,202.0,-17.0,3.0,-7.0,23.0,99.0,167.0,106.0,-24.0,-13.0,-11.0,-27.0,-4.0,3.0,3.0,2.0,2
-25.0,-19.0,-9.0,-4.0,-2.0,1.0,-7.0,-1.0,48.0,-4.0,0.0,-3.0,1.0,10.0,12.0,9.0,-3.0,-11.0,-10.0,1.0,-1.0,2.0,10.0,6.0,2
-28.0,6.0,-25.0,-14.0,-1.0,3.0,-4.0,-5.0,1.0,-25.0,-12.0,-18.0,0.0,4.0,9.0,5.0,3.0,25.0,11.0,-1.0,3.0,2.0,0.0,-2.0,2
-66.0,-46.0,-32.0,-17.0,-4.0,-4.0,-6.0,1.0,148.0,-21.0,4.0,-22.0,-8.0,19.0,47.0,22.0,-39.0,-43.0,-20.0,-27.0,-6.0,-9.0,-28.0,-29.0,2
0.0,11.0,-20.0,76.0,52.0,29.0,-14.0,142.0,261.0,0.0,-24.0,74.0,57.0,40.0,-91.0,0.0,20.0,9.0,-46.0,37.0,27.0,16.0,52.0,18.0,2
127.0,94.0,47.0,74.0,27.0,-24.0,158.0,-1344.0,-931.0,98.0,-55.0,98.0,27.0,-64.0,-130.0,-26.0,51.0,-47.0,-55.0,25.0,32.0,31.0,71.0,68.0,2
62.0,-4.0,-22.0,37.0,25.0,133.0,377.0,359.0,-741.0,105.0,-47.0,57.0,5.0,25.0,3.0,8.0,-321.0,-270.0,-132.0,-56.0,-35.0,-26.0,-18.0,-69.0,2
-295.0,-46.0,5.0,-5.0,91.0,839.0,1897.0,1883.0,1681.0,-125.0,424.0,-6.0,67.0,-56.0,-141.0,-445.0,279.0,1030.0,777.0,347.0,233.0,220.0,252.0,324.0,2
-75.0,-5.0,-35.0,22.0,35.0,159.0,310.0,586.0,225.0,-40.0,-16.0,16.0,37.0,49.0,58.0,2.0,24.0,128.0,100.0,66.0,57.0,50.0,46.0,51.0,2
-45.0,122.0,80.0,82.0,129.0,339.0,445.0,1797.0,1401.0,25.0,160.0,5.0,112.0,261.0,376.0,-117.0,86.0,759.0,481.0,171.0,138.0,101.0,-63.0,-231.0,2
-80.0,-41.0,-29.0,27.0,35.0,256.0,737.0,-342.0,68.0,29.0,-12.0,16.0,10.0,0.0,-31.0,-78.0,-2.0,6.0,3.0,21.0,1.0,-15.0,-25.0,-37.0,2
-53.0,-45.0,-54.0,14.0,-5.0,51.0,128.0,332.0,84.0,-59.0,-56.0,-16.0,-19.0,-34.0,-69.0,-43.0,-22.0,-61.0,-30.0,-18.0,-25.0,-30.0,-16.0,-17.0,2
-65.0,-14.0,-24.0,20.0,36.0,165.0,318.0,526.0,536.0,-38.0,28.0,-2.0,29.0,27.0,31.0,-27.0,62.0,150.0,159.0,62.0,50.0,40.0,50.0,52.0,2
82.0,70.0,43.0,47.0,18.0,137.0,320.0,350.0,-1418.0,193.0,-44.0,72.0,-19.0,-290.0,-544.0,-516.0,203.0,199.0,152.0,136.0,51.0,34.0,62.0,84.0,2
-6.0,-4.0,-15.0,-6.0,8.0,13.0,-32.0,84.0,131.0,-4.0,5.0,-4.0,9.0,46.0,93.0,46.0,-62.0,-22.0,-47.0,-12.0,-8.0,-6.0,-18.0,-27.0,2
-4.0,-14.0,-1.0,-7.0,2.0,1.0,-16.0,-9.0,23.0,2.0,4.0,-2.0,1.0,8.0,21.0,9.0,-21.0,-1.0,-5.0,-4.0,-3.0,-2.0,-3.0,-2.0,2
-15.0,34.0,-27.0,55.0,49.0,25.0,-25.0,78.0,283.0,-28.0,21.0,59.0,46.0,90.0,101.0,46.0,35.0,69.0,35.0,19.0,14.0,8.0,50.0,35.0,2
34.0,16.0,27.0,17.0,22.0,21.0,20.0,32.0,44.0,29.0,27.0,21.0,21.0,27.0,41.0,39.0,4.0,25.0,20.0,20.0,12.0,8.0,10.0,21.0,2
16.0,19.0,-4.0,-8.0,-1.0,-3.0,-8.0,39.0,275.0,5.0,13.0,5.0,14.0,12.0,8.0,-12.0,16.0,87.0,45.0,43.0,35.0,31.0,15.0,8.0,2
-42.0,-22.0,-43.0,-31.0,-6.0,-2.0,-39.0,-25.0,119.0,-25.0,-11.0,-21.0,11.0,31.0,40.0,-2.0,-30.0,2.0,-8.0,-11.0,3.0,0.0,-8.0,-20.0,2
5.0,2.0,8.0,2.0,12.0,14.0,-3.0,20.0,53.0,-17.0,-6.0,-1.0,9.0,27.0,42.0,22.0,2.0,7.0,-2.0,-2.0,3.0,3.0,5.0,1.0,2
55.0,-87.0,-49.0,-47.0,-21.0,-215.0,-624.0,-731.0,-2048.0,138.0,-76.0,56.0,-59.0,-241.0,-545.0,43.0,-316.0,-817.0,-539.0,-235.0,-109.0,-31.0,141.0,234.0,2
-15.0,-16.0,-22.0,-21.0,-20.0,-21.0,-26.0,-17.0,-11.0,-19.0,-15.0,-16.0,-18.0,-12.0,-12.0,-2.0,-9.0,9.0,-3.0,-13.0,-18.0,-21.0,-20.0,-11.0,2
-73.0,-65.0,-74.0,-32.0,-6.0,-18.0,-24.0,-5.0,266.0,-47.0,-8.0,-4.0,11.0,45.0,78.0,66.0,-3.0,19.0,14.0,16.0,20.0,11.0,13.0,6.0,2
-32.0,-11.0,-24.0,-16.0,3.0,-1.0,-33.0,24.0,349.0,-27.0,-1.0,1.0,14.0,43.0,60.0,-14.0,10.0,80.0,39.0,22.0,6.0,1.0,2.0,5.0,2
39.0,40.0,17.0,14.0,17.0,12.0,15.0,32.0,-81.0,14.0,20.0,28.0,19.0,9.0,-5.0,0.0,27.0,62.0,28.0,26.0,17.0,17.0,17.0,14.0,2
-11.0,-6.0,-9.0,-10.0,-11.0,-9.0,-16.0,-15.0,-21.0,-9.0,-13.0,-15.0,-14.0,-16.0,-16.0,-24.0,-10.0,-10.0,-10.0,-12.0,-10.0,-12.0,-11.0,-9.0,2
14.0,12.0,8.0,5.0,4.0,7.0,-1.0,10.0,-60.0,8.0,-4.0,4.0,3.0,3.0,4.0,5.0,7.0,10.0,1.0,2.0,2.0,2.0,4.0,5.0,2
-39.0,-14.0,-18.0,-12.0,-24.0,-22.0,-55.0,55.0,-201.0,80.0,71.0,38.0,-20.0,-134.0,-227.0,-185.0,147.0,181.0,162.0,92.0,38.0,23.0,22.0,41.0,2
-16.0,-4.0,-8.0,53.0,27.0,85.0,176.0,379.0,45.0,-14.0,-29.0,16.0,10.0,2.0,-25.0,-6.0,8.0,-35.0,-3.0,15.0,8.0,10.0,31.0,19.0,2
626.0,378.0,364.0,131.0,-103.0,-818.0,-1660.0,-2019.0,-928.0,255.0,-1.0,62.0,-73.0,-177.0,-273.0,8.0,129.0,-342.0,-238.0,-61.0,-64.0,-56.0,-5.0,10.0,2
-65.0,-10.0,-20.0,46.0,50.0,198.0,424.0,608.0,190.0,-30.0,-19.0,33.0,43.0,48.0,55.0,11.0,34.0,123.0,98.0,74.0,57.0,46.0,49.0,59.0,2
-23.0,14.0,-22.0,-17.0,-16.0,-17.0,-16.0,-12.0,-12.0,-20.0,-12.0,-20.0,-20.0,-19.0,-9.0,-6.0,-1.0,21.0,7.0,-8.0,-15.0,-18.0,-18.0,-14.0,2
-116.0,-45.0,-55.0,6.0,31.0,53.0,59.0,331.0,530.0,-62.0,-6.0,-5.0,41.0,73.0,88.0,20.0,42.0,113.0,84.0,35.0,31.0,21.0,18.0,25.0,2
20.0,-31.0,-127.0,-67.0,50.0,64.0,-412.0,1095.0,-304.0,74.0,16.0,-14.0,-16.0,-83.0,-190.0,-207.0,-68.0,-12.0,-11.0,-99.0,-54.0,-12.0,23.0,-55.0,2
-19.0,-15.0,-3.0,1.0,6.0,2.0,0.0,-1.0,5.0,-15.0,1.0,-4.0,7.0,12.0,20.0,16.0,11.0,39.0,26.0,5.0,7.0,5.0,13.0,9.0,2
40.0,39.0,36.0,34.0,36.0,22.0,-10.0,29.0,107.0,10.0,35.0,32.0,35.0,28.0,48.0,13.0,24.0,87.0,41.0,31.0,7.0,2.0,18.0,21.0,2
16.0,3.0,-5.0,32.0,3.0,33.0,82.0,289.0,-1.0,4.0,-38.0,-16.0,-16.0,-33.0,-74.0,-49.0,-44.0,-209.0,-99.0,-35.0,-30.0,-25.0,-15.0,-31.0,2
43.0,31.0,29.0,16.0,-5.0,-9.0,-16.0,-6.0,-213.0,11.0,7.0,3.0,-12.0,-28.0,-40.0,-33.0,4.0,7.0,6.0,3.0,-4.0,-7.0,-3.0,-5.0,2
143.0,2.0,-32.0,11.0,37.0,-144.0,-434.0,-791.0,-2048.0,199.0,-47.0,79.0,11.0,71.0,60.0,320.0,-267.0,-839.0,-579.0,-260.0,-130.0,-97.0,-121.0,-327.0,2
465.0,338.0,243.0,98.0,-119.0,-565.0,-946.0,-1918.0,-124.0,149.0,28.0,53.0,-60.0,-160.0,-231.0,-98.0,153.0,20.0,-25.0,25.0,-24.0,-32.0,-4.0,19.0,2
766.0,413.0,311.0,77.0,-158.0,-1083.0,-1990.0,-2048.0,-1934.0,343.0,-52.0,41.0,-139.0,-264.0,-447.0,15.0,-115.0,-891.0,-660.0,-302.0,-237.0,-196.0,-177.0,-293.0,2
-23.0,-14.0,-14.0,50.0,25.0,81.0,161.0,354.0,-26.0,5.0,-34.0,19.0,14.0,10.0,-19.0,-7.0,-12.0,-61.0,-26.0,2.0,8.0,10.0,4.0,-17.0,2
629.0,351.0,293.0,87.0,-123.0,-677.0,-1309.0,-2048.0,-1675.0,316.0,-66.0,39.0,-123.0,-241.0,-416.0,-52.0,19.0,-724.0,-533.0,-221.0,-195.0,-161.0,-130.0,-176.0,2
93.0,74.0,46.0,-3.0,-23.0,-13.0,-14.0,-6.0,-379.0,17.0,-1.0,0.0,-30.0,-81.0,-127.0,-111.0,13.0,14.0,4.0,3.0,-12.0,-15.0,-11.0,-11.0,2
-84.0,-14.0,-23.0,33.0,40.0,173.0,372.0,614.0,217.0,-37.0,-25.0,14.0,42.0,49.0,57.0,7.0,21.0,125.0,96.0,69.0,55.0,43.0,47.0,55.0,2
11.0,21.0,19.0,16.0,7.0,9.0,8.0,5.0,-18.0,-7.0,8.0,0.0,3.0,5.0,5.0,0.0,25.0,53.0,43.0,16.0,17.0,20.0,11.0,11.0,2
44.0,46.0,35.0,42.0,57.0,64.0,109.0,139.0,198.0,26.0,57.0,42.0,80.0,140.0,168.0,115.0,152.0,132.0,96.0,70.0,98.0,104.0,58.0,39.0,2
40.0,31.0,27.0,14.0,-6.0,-12.0,-20.0,-9.0,-213.0,9.0,3.0,-3.0,-12.0,-28.0,-42.0,-34.0,3.0,6.0,4.0,1.0,-2.0,-5.0,-3.0,-5.0,2
-15.0,-8.0,-27.0,-12.0,-12.0,-14.0,-29.0,-16.0,-54.0,-24.0,-17.0,-15.0,-9.0,-17.0,-35.0,-41.0,-5.0,22.0,-1.0,-4.0,5.0,10.0,11.0,-8.0,2
-56.0,-37.0,-66.0,-29.0,-1.0,10.0,-34.0,133.0,229.0,-39.0,-20.0,-15.0,2.0,46.0,96.0,38.0,-65.0,-32.0,-56.0,-21.0,-10.0,-4.0,-14.0,-29.0,2
-19.0,-44.0,-61.0,-32.0,-32.0,-33.0,-55.0,-34.0,68.0,-34.0,-42.0,-41.0,-18.0,10.0,33.0,-4.0,-25.0,38.0,-10.0,-25.0,-21.0,-17.0,5.0,-19.0,2
24.0,27.0,15.0,19.0,17.0,16.0,9.0,22.0,-85.0,8.0,12.0,23.0,19.0,10.0,-9.0,-9.0,22.0,55.0,23.0,18.0,14.0,16.0,20.0,13.0,2
-80.0,-56.0,-56.0,-32.0,-3.0,-2.0,-41.0,66.0,200.0,-64.0,-13.0,-33.0,5.0,70.0,133.0,54.0,-3.0,38.0,28.0,1.0,9.0,9.0,0.0,2.0,2
184.0,81.0,91.0,78.0,-29.0,-43.0,237.0,-1727.0,-689.0,110.0,-35.0,22.0,-58.0,-175.0,-291.0,-201.0,42.0,-327.0,-198.0,-57.0,-66.0,-62.0,-37.0,-37.0,2
59.0,-249.0,72.0,-24.0,-38.0,-252.0,-702.0,-468.0,-2048.0,146.0,-34.0,44.0,-52.0,2.0,7.0,64.0,-229.0,-505.0,-359.0,-210.0,-146.0,-132.0,-70.0,-140.0,2
17.0,5.0,14.0,12.0,14.0,8.0,-6.0,7.0,23.0,16.0,20.0,21.0,16.0,17.0,28.0,15.0,3.0,19.0,12.0,16.0,15.0,14.0,5.0,8.0,2
32.0,7.0,-21.0,-6.0,2.0,6.0,-40.0,39.0,16.0,8.0,12.0,0.0,3.0,31.0,61.0,21.0,-57.0,-23.0,-45.0,-17.0,-11.0,-7.0,-13.0,-24.0,2
180.0,86.0,79.0,93.0,-8.0,3.0,305.0,-1668.0,-636.0,111.0,-62.0,3.0,-49.0,-152.0,-257.0,-170.0,48.0,-311.0,-188.0,-52.0,-61.0,-51.0,-9.0,-11.0,2
25.0,-115.0,-97.0,-74.0,-71.0,-257.0,-658.0,-816.0,-2048.0,123.0,-84.0,40.0,-130.0,-379.0,-673.0,13.0,-688.0,-1172.0,-835.0,-441.0,-209.0,-124.0,0.0,-218.0,2
-46.0,-15.0,-13.0,3.0,-14.0,-10.0,-43.0,81.0,-394.0,86.0,47.0,23.0,-27.0,-202.0,-375.0,-340.0,175.0,204.0,177.0,109.0,43.0,27.0,25.0,66.0,2
115.0,81.0,72.0,103.0,30.0,171.0,560.0,-794.0,-528.0,97.0,-81.0,59.0,0.0,-45.0,-83.0,-56.0,45.0,-204.0,-135.0,-1.0,-23.0,-16.0,5.0,12.0,2
-6.0,-15.0,-16.0,-1.0,12.0,8.0,-13.0,10.0,83.0,4.0,8.0,10.0,17.0,36.0,59.0,31.0,47.0,45.0,27.0,16.0,21.0,21.0,9.0,8.0,2
68.0,54.0,39.0,5.0,-19.0,-20.0,-25.0,-14.0,-278.0,20.0,-2.0,0.0,-25.0,-68.0,-103.0,-85.0,11.0,10.0,1.0,2.0,-10.0,-14.0,-11.0,-9.0,2
4.0,10.0,-3.0,-8.0,4.0,10.0,-12.0,22.0,44.0,-12.0,15.0,4.0,9.0,3.0,1.0,-7.0,27.0,56.0,39.0,27.0,19.0,14.0,17.0,20.0,2
-6.0,-11.0,-7.0,-7.0,-4.0,4.0,-6.0,11.0,-76.0,-14.0,-9.0,-2.0,0.0,-2.0,-15.0,-18.0,7.0,31.0,6.0,4.0,-4.0,1.0,11.0,6.0,2
-4.0,-4.0,3.0,2.0,-1.0,-1.0,-2.0,16.0,-7.0,-4.0,4.0,0.0,2.0,-1.0,1.0,2.0,4.0,20.0,15.0,7.0,7.0,3.0,4.0,-2.0,2
-58.0,-22.0,-23.0,2.0,25.0,25.0,-15.0,26.0,163.0,-25.0,-5.0,-14.0,27.0,71.0,107.0,47.0,7.0,22.0,13.0,7.0,9.0,8.0,17.0,12.0,2
-2.0,-7.0,-2.0,4.0,4.0,4.0,-10.0,7.0,6.0,4.0,9.0,8.0,5.0,14.0,19.0,15.0,5.0,20.0,16.0,15.0,13.0,14.0,13.0,15.0,2
-67.0,119.0,70.0,-98.0,20.0,460.0,862.0,1814.0,1671.0,48.0,299.0,-169.0,-119.0,-160.0,-210.0,-891.0,204.0,148.0,56.0,-134.0,-178.0,-220.0,-436.0,-725.0,2
17.0,8.0,5.0,8.0,11.0,-3.0,15.0,29.0,1.0,6.0,8.0,12.0,23.0,5.0,-12.0,2.0,8.0,11.0,9.0,13.0,15.0,6.0,9.0,0.0,2
7.0,5.0,38.0,-131.0,-74.0,-42.0,-58.0,18.0,1821.0,-130.0,-163.0,-174.0,-91.0,-108.0,-65.0,-434.0,-174.0,-10.0,-126.0,-90.0,-124.0,-133.0,-250.0,-159.0,2
-23.0,-25.0,-19.0,-4.0,-8.0,20.0,42.0,348.0,97.0,-19.0,9.0,3.0,0.0,-9.0,-13.0,-47.0,-18.0,31.0,44.0,17.0,9.0,2.0,-6.0,-3.0,2
-169.0,-187.0,-97.0,-15.0,20.0,-182.0,-652.0,-469.0,-2048.0,13.0,-47.0,74.0,-33.0,-214.0,-448.0,19.0,-247.0,-522.0,-359.0,-171.0,-51.0,19.0,212.0,299.0,2
-37.0,-11.0,-11.0,21.0,42.0,234.0,551.0,560.0,-100.0,49.0,-26.0,1.0,7.0,23.0,21.0,-50.0,-28.0,-107.0,-115.0,-59.0,-47.0,-64.0,-123.0,-225.0,2
-27.0,-13.0,-22.0,-20.0,-17.0,-35.0,-57.0,-11.0,54.0,-49.0,-7.0,-20.0,-8.0,-21.0,-26.0,-59.0,58.0,55.0,24.0,-1.0,-12.0,-39.0,-70.0,-49.0,2
-14.0,-10.0,1.0,-1.0,-2.0,-1.0,2.0,-4.0,-12.0,-21.0,-6.0,-11.0,-3.0,1.0,11.0,3.0,12.0,45.0,30.0,6.0,-4.0,-8.0,2.0,5.0,2
9.0,11.0,8.0,11.0,14.0,10.0,5.0,12.0,17.0,9.0,14.0,16.0,16.0,22.0,18.0,26.0,14.0,30.0,17.0,10.0,10.0,9.0,8.0,9.0,2
-192.0,44.0,115.0,-136.0,-154.0,519.0,2006.0,1988.0,1743.0,-107.0,115.0,-184.0,-172.0,-327.0,-373.0,-812.0,-56.0,110.0,110.0,17.0,-60.0,-91.0,-186.0,-138.0,2
10.0,5.0,17.0,17.0,20.0,16.0,1.0,8.0,90.0,46.0,38.0,32.0,29.0,43.0,47.0,27.0,-1.0,-20.0,-2.0,3.0,15.0,11.0,0.0,7.0,2
0.0,-4.0,-8.0,-3.0,0.0,3.0,-2.0,2.0,-8.0,-3.0,-3.0,-3.0,-3.0,-2.0,0.0,0.0,0.0,3.0,-1.0,-4.0,-5.0,-8.0,-11.0,-5.0,2
-69.0,-35.0,-47.0,-14.0,-4.0,24.0,23.0,184.0,106.0,-76.0,-14.0,-33.0,-5.0,16.0,41.0,85.0,15.0,46.0,39.0,10.0,5.0,5.0,16.0,27.0,2
-3.0,-3.0,-10.0,-10.0,-9.0,-8.0,-16.0,-10.0,-35.0,-10.0,-11.0,-9.0,-9.0,-9.0,-12.0,-11.0,-5.0,15.0,2.0,-9.0,-9.0,-10.0,-4.0,0.0,2
29.0,39.0,23.0,24.0,25.0,21.0,11.0,23.0,46.0,29.0,30.0,30.0,27.0,32.0,31.0,25.0,19.0,55.0,33.0,17.0,17.0,18.0,22.0,22.0,2
-11.0,-8.0,-4.0,-7.0,-8.0,-9.0,-20.0,-9.0,-31.0,-7.0,-12.0,-5.0,-6.0,-7.0,-6.0,-8.0,-11.0,-5.0,-9.0,-1.0,-4.0,-8.0,-11.0,-13.0,2
54.0,-141.0,60.0,45.0,5.0,25.0,227.0,-199.0,-2048.0,119.0,-72.0,74.0,-25.0,-54.0,-94.0,45.0,-132.0,-429.0,-250.0,-125.0,-89.0,-62.0,38.0,54.0,2
-81.0,-55.0,-59.0,-38.0,-21.0,-9.0,-64.0,-35.0,145.0,-72.0,-9.0,-30.0,-9.0,7.0,22.0,-27.0,169.0,71.0,36.0,6.0,6.0,3.0,-18.0,-17.0,2
-1.0,-10.0,3.0,5.0,14.0,11.0,0.0,5.0,85.0,35.0,25.0,16.0,25.0,50.0,39.0,12.0,-14.0,-32.0,-17.0,-9.0,12.0,20.0,6.0,-3.0,2
-71.0,-49.0,-35.0,-1.0,16.0,31.0,1.0,115.0,457.0,-69.0,16.0,-22.0,22.0,79.0,91.0,28.0,3.0,-30.0,-13.0,-9.0,2.0,6.0,7.0,-16.0,2
-24.0,-10.0,-8.0,23.0,-15.0,17.0,48.0,221.0,399.0,-51.0,-47.0,-29.0,-59.0,-167.0,-284.0,-70.0,118.0,-175.0,-89.0,-66.0,-50.0,-48.0,-54.0,-56.0,2
-207.0,-121.0,-83.0,-18.0,17.0,35.0,14.0,228.0,886.0,-112.0,-20.0,-26.0,33.0,133.0,228.0,144.0,8.0,-36.0,1.0,-36.0,8.0,8.0,1.0,-21.0,2
-19.0,4.0,7.0,25.0,31.0,174.0,392.0,653.0,-176.0,29.0,-24.0,24.0,0.0,-50.0,-87.0,-126.0,34.0,13.0,-8.0,15.0,3.0,-10.0,-21.0,-4.0,2
13.0,-3.0,11.0,2.0,10.0,22.0,11.0,16.0,34.0,10.0,7.0,3.0,9.0,23.0,34.0,23.0,-12.0,9.0,0.0,3.0,1.0,2.0,11.0,7.0,2
213.0,95.0,117.0,76.0,-52.0,-154.0,-2.0,-1918.0,-708.0,128.0,-30.0,29.0,-73.0,-185.0,-286.0,-185.0,42.0,-376.0,-232.0,-77.0,-87.0,-80.0,-54.0,-71.0,2
-17.0,-30.0,-18.0,-19.0,-14.0,-12.0,-21.0,-12.0,25.0,-12.0,-10.0,-16.0,-12.0,-3.0,17.0,5.0,-32.0,-12.0,-17.0,-13.0,-15.0,-16.0,-15.0,-11.0,2
-6.0,21.0,-10.0,-7.0,-1.0,5.0,6.0,12.0,1.0,-7.0,4.0,-1.0,2.0,8.0,8.0,8.0,15.0,37.0,25.0,7.0,8.0,10.0,12.0,10.0,2
-30.0,-11.0,-43.0,-35.0,-20.0,-22.0,-45.0,-10.0,100.0,-28.0,-21.0,-24.0,-11.0,31.0,74.0,32.0,-37.0,-38.0,-36.0,-21.0,-19.0,-17.0,-27.0,-24.0,2
-9.0,10.0,21.0,51.0,32.0,57.0,43.0,238.0,501.0,-29.0,28.0,12.0,21.0,57.0,72.0,73.0,83.0,-13.0,9.0,11.0,13.0,19.0,23.0,13.0,2
-11.0,-14.0,-3.0,-15.0,-18.0,-18.0,-22.0,-10.0,-35.0,-7.0,4.0,1.0,-14.0,-16.0,-8.0,-7.0,-4.0,0.0,3.0,-2.0,-6.0,-8.0,-2.0,-1.0,2
7.0,-107.0,-112.0,-45.0,-24.0,-231.0,-609.0,-940.0,-2048.0,100.0,-105.0,32.0,-40.0,6.0,-22.0,225.0,-427.0,-955.0,-672.0,-340.0,-178.0,-132.0,-175.0,-418.0,2
-64.0,-10.0,-28.0,28.0,26.0,206.0,485.0,562.0,55.0,-34.0,-44.0,6.0,17.0,14.0,17.0,-24.0,45.0,96.0,73.0,50.0,28.0,13.0,28.0,53.0,2
380.0,236.0,141.0,35.0,-174.0,-920.0,-1997.0,-2048.0,-2048.0,149.0,-53.0,93.0,-96.0,-292.0,-525.0,57.0,-1310.0,50.0,36.0,39.0,-33.0,-25.0,96.0,161.0,2
-174.0,-93.0,-80.0,-10.0,29.0,48.0,16.0,217.0,900.0,-77.0,-14.0,-18.0,40.0,160.0,267.0,187.0,-37.0,-65.0,-49.0,-37.0,4.0,12.0,-1.0,-22.0,2
-16.0,4.0,-18.0,-5.0,12.0,8.0,-11.0,61.0,443.0,-17.0,4.0,12.0,25.0,54.0,77.0,21.0,33.0,94.0,59.0,34.0,27.0,23.0,16.0,21.0,2
861.0,476.0,329.0,66.0,-130.0,-1346.0,-2009.0,-2048.0,-1638.0,256.0,-13.0,58.0,-74.0,-165.0,-233.0,-64.0,24.0,-493.0,-337.0,-114.0,-96.0,-75.0,-37.0,-117.0,2
27.0,30.0,36.0,35.0,17.0,7.0,2.0,15.0,-35.0,14.0,3.0,25.0,8.0,22.0,32.0,36.0,9.0,8.0,3.0,23.0,21.0,0.0,4.0,6.0,2
-67.0,-52.0,-93.0,-31.0,11.0,1.0,-12.0,26.0,281.0,-54.0,25.0,-4.0,34.0,104.0,204.0,91.0,-10.0,33.0,29.0,7.0,24.0,17.0,20.0,17.0,2
50.0,-91.0,-97.0,-64.0,-62.0,-237.0,-552.0,-937.0,-2048.0,116.0,-100.0,24.0,-87.0,-59.0,-81.0,179.0,-272.0,-876.0,-631.0,-316.0,-223.0,-194.0,-206.0,-379.0,2
605.0,231.0,239.0,4.0,-99.0,-1008.0,-2048.0,-2048.0,-1244.0,204.0,51.0,-2.0,-25.0,108.0,280.0,382.0,-30.0,-26.0,-82.0,-157.0,-92.0,-68.0,-119.0,-284.0,2
20.0,18.0,-1.0,-2.0,-37.0,-4.0,-9.0,161.0,149.0,-27.0,-16.0,-33.0,-62.0,-188.0,-297.0,-101.0,12.0,46.0,34.0,-4.0,-20.0,-25.0,-16.0,0.0,2
21.0,15.0,4.0,1.0,1.0,1.0,-1.0,4.0,-88.0,2.0,-10.0,7.0,2.0,-11.0,-35.0,-18.0,11.0,29.0,10.0,9.0,2.0,-1.0,12.0,8.0,2
